-- MySQL dump 10.13  Distrib 8.0.11, for Linux (x86_64)
--
-- Host: localhost    Database: devoirsfaits
-- ------------------------------------------------------
-- Server version	8.0.11

/*!40101 SET @OLD_CHARACTER_SET_CLIENT=@@CHARACTER_SET_CLIENT */;
/*!40101 SET @OLD_CHARACTER_SET_RESULTS=@@CHARACTER_SET_RESULTS */;
/*!40101 SET @OLD_COLLATION_CONNECTION=@@COLLATION_CONNECTION */;
 SET NAMES utf8mb4 ;
/*!40103 SET @OLD_TIME_ZONE=@@TIME_ZONE */;
/*!40103 SET TIME_ZONE='+00:00' */;
/*!40014 SET @OLD_UNIQUE_CHECKS=@@UNIQUE_CHECKS, UNIQUE_CHECKS=0 */;
/*!40014 SET @OLD_FOREIGN_KEY_CHECKS=@@FOREIGN_KEY_CHECKS, FOREIGN_KEY_CHECKS=0 */;
/*!40101 SET @OLD_SQL_MODE=@@SQL_MODE, SQL_MODE='NO_AUTO_VALUE_ON_ZERO' */;
/*!40111 SET @OLD_SQL_NOTES=@@SQL_NOTES, SQL_NOTES=0 */;

--
-- Table structure for table `creneau`
--

DROP TABLE IF EXISTS `creneau`;
/*!40101 SET @saved_cs_client     = @@character_set_client */;
 SET character_set_client = utf8mb4 ;
CREATE TABLE `creneau` (
  `id_creneau` int(11) NOT NULL AUTO_INCREMENT,
  `date_debut` int(11) DEFAULT NULL,
  `date_fin` int(11) DEFAULT NULL,
  `id_salle` int(11) DEFAULT NULL,
  PRIMARY KEY (`id_creneau`),
  KEY `FK_Creneau_id_salle` (`id_salle`),
  CONSTRAINT `FK_Creneau_id_salle` FOREIGN KEY (`id_salle`) REFERENCES `salle` (`id_salle`) ON DELETE SET NULL ON UPDATE CASCADE
) ENGINE=InnoDB AUTO_INCREMENT=384 DEFAULT CHARSET=utf8;
/*!40101 SET character_set_client = @saved_cs_client */;

--
-- Dumping data for table `creneau`
--

LOCK TABLES `creneau` WRITE;
/*!40000 ALTER TABLE `creneau` DISABLE KEYS */;
INSERT INTO `creneau` VALUES (1,1528121700,1528125300,1),(2,1528121700,1528125300,9),(3,1528210800,1528214400,4),(4,1528211700,1528213500,1),(5,1528214400,1528218000,4),(6,1528380000,1528382700,1),(8,1528472700,1528476300,1),(9,1528531200,1528534800,1),(10,1528726500,1528730100,1),(11,1528726500,1528730100,9),(12,1528815600,1528819200,4),(13,1528816500,1528818300,1),(17,1529077500,1529081100,1),(40,1529344800,1529348400,2),(41,1529344800,1529348400,3),(44,1529427600,1529431200,2),(53,1529514000,1529517600,3),(56,1529517600,1529521200,2),(57,1529517600,1529521200,3),(58,1529517600,1529521200,4),(65,1529604000,1529607600,3),(66,1529604000,1529607600,4),(67,1529686800,1529690400,1),(74,1529690400,1529694000,4),(78,1529748000,1529751600,4),(259,1530957600,1530961200,2),(260,1530957600,1530961200,3),(261,1530957600,1530961200,4),(264,1531839600,1531843200,4),(265,1531840500,1531842300,1),(266,1531843200,1531846800,4),(267,1532008800,1532011500,1),(268,1532101500,1532105100,1),(269,1532355300,1532358900,1),(270,1532355300,1532358900,9),(271,1532444400,1532448000,4),(272,1532445300,1532447100,1),(273,1532448000,1532451600,4),(274,1532613600,1532616300,1),(275,1532706300,1532709900,1),(277,1529331300,1529334900,9),(278,1529420400,1529424000,4),(279,1529421300,1529423100,1),(280,1529424000,1529427600,4),(281,1529682300,1529685900,1),(282,1529936100,1529939700,1),(283,1529936100,1529939700,9),(284,1530025200,1530028800,4),(285,1530026100,1530027900,1),(287,1530287100,1530290700,1),(288,1530540900,1530544500,1),(289,1530540900,1530544500,9),(291,1530630900,1530632700,1),(312,1531110577,1531114177,1),(329,1531715377,1531718977,1),(353,1531715377,1531718977,1),(355,1530759577,1530763177,9),(359,1531017877,1531020577,1),(360,1531110577,1531114177,1),(361,1530759577,1530763177,1),(362,1530759577,1530763177,9),(363,1530848677,1530852277,4),(364,1530849577,1530851377,1),(365,1531110577,1531114177,1),(366,1531364377,1531367977,1),(367,1531364377,1531367977,9),(369,1531454377,1531456177,1),(370,1531457077,1531460677,4),(371,1531622677,1531625377,1),(372,1531715377,1531718977,1),(373,1531364377,1531367977,1),(374,1531364377,1531367977,9),(376,1531454377,1531456177,1),(377,1531715377,1531718977,1),(378,1530540900,1530544500,1),(379,1530540900,1530544500,9),(381,1530630900,1530632700,1),(382,1530633600,1530637200,4);
/*!40000 ALTER TABLE `creneau` ENABLE KEYS */;
UNLOCK TABLES;

--
-- Table structure for table `etablissement`
--

DROP TABLE IF EXISTS `etablissement`;
/*!40101 SET @saved_cs_client     = @@character_set_client */;
 SET character_set_client = utf8mb4 ;
CREATE TABLE `etablissement` (
  `id_etablissement` int(11) NOT NULL AUTO_INCREMENT,
  `nom_etablissement` varchar(255) DEFAULT NULL,
  `url_etablissement` varchar(255) DEFAULT NULL,
  `ville_etablissement` varchar(255) DEFAULT NULL,
  PRIMARY KEY (`id_etablissement`),
  UNIQUE KEY `url_etablissement` (`url_etablissement`),
  UNIQUE KEY `UKkvwauxym4qw10s3ivfe7hk6u2` (`ville_etablissement`,`nom_etablissement`)
) ENGINE=InnoDB AUTO_INCREMENT=5 DEFAULT CHARSET=utf8;
/*!40101 SET character_set_client = @saved_cs_client */;

--
-- Dumping data for table `etablissement`
--

LOCK TABLES `etablissement` WRITE;
/*!40000 ALTER TABLE `etablissement` DISABLE KEYS */;
INSERT INTO `etablissement` VALUES (1,'Poudlard','ecosse-poudlard','Ecosse'),(2,'Salsepareille','schtroumpf-ville-salsepareille','Schtroumpf Ville'),(3,'Hobbit School','sous-colline-hobbit-school','Sous Colline'),(4,'Maracq','bayonne-maracq','Bayonne');
/*!40000 ALTER TABLE `etablissement` ENABLE KEYS */;
UNLOCK TABLES;

--
-- Table structure for table `groupe`
--

DROP TABLE IF EXISTS `groupe`;
/*!40101 SET @saved_cs_client     = @@character_set_client */;
 SET character_set_client = utf8mb4 ;
CREATE TABLE `groupe` (
  `id_groupe` int(11) NOT NULL AUTO_INCREMENT,
  `nom` varchar(255) DEFAULT NULL,
  PRIMARY KEY (`id_groupe`)
) ENGINE=InnoDB DEFAULT CHARSET=utf8;
/*!40101 SET character_set_client = @saved_cs_client */;

--
-- Dumping data for table `groupe`
--

LOCK TABLES `groupe` WRITE;
/*!40000 ALTER TABLE `groupe` DISABLE KEYS */;
/*!40000 ALTER TABLE `groupe` ENABLE KEYS */;
UNLOCK TABLES;

--
-- Table structure for table `message`
--

DROP TABLE IF EXISTS `message`;
/*!40101 SET @saved_cs_client     = @@character_set_client */;
 SET character_set_client = utf8mb4 ;
CREATE TABLE `message` (
  `id_message` int(11) NOT NULL AUTO_INCREMENT,
  `contenu` text,
  `id_eleve` int(11) DEFAULT NULL,
  `date_message` date DEFAULT NULL,
  `id_utilisateur` int(11) NOT NULL,
  PRIMARY KEY (`id_message`),
  KEY `FK_Message_id_utilisateur` (`id_utilisateur`),
  CONSTRAINT `FK_Message_id_utilisateur` FOREIGN KEY (`id_utilisateur`) REFERENCES `utilisateur` (`id_utilisateur`)
) ENGINE=InnoDB DEFAULT CHARSET=utf8;
/*!40101 SET character_set_client = @saved_cs_client */;

--
-- Dumping data for table `message`
--

LOCK TABLES `message` WRITE;
/*!40000 ALTER TABLE `message` DISABLE KEYS */;
/*!40000 ALTER TABLE `message` ENABLE KEYS */;
UNLOCK TABLES;

--
-- Table structure for table `participant`
--

DROP TABLE IF EXISTS `participant`;
/*!40101 SET @saved_cs_client     = @@character_set_client */;
 SET character_set_client = utf8mb4 ;
CREATE TABLE `participant` (
  `present` tinyint(1) NOT NULL,
  `id_creneau` int(11) NOT NULL,
  `id_utilisateur` int(11) NOT NULL,
  PRIMARY KEY (`id_creneau`,`id_utilisateur`),
  KEY `FK_Participant_id_utilisateur` (`id_utilisateur`),
  CONSTRAINT `FK_Participant_id_creneau` FOREIGN KEY (`id_creneau`) REFERENCES `creneau` (`id_creneau`),
  CONSTRAINT `FK_Participant_id_utilisateur` FOREIGN KEY (`id_utilisateur`) REFERENCES `utilisateur` (`id_utilisateur`)
) ENGINE=InnoDB DEFAULT CHARSET=utf8;
/*!40101 SET character_set_client = @saved_cs_client */;

--
-- Dumping data for table `participant`
--

LOCK TABLES `participant` WRITE;
/*!40000 ALTER TABLE `participant` DISABLE KEYS */;
INSERT INTO `participant` VALUES (1,10,54),(1,10,165),(1,10,184),(1,10,187),(1,10,188),(1,11,68),(1,11,167),(1,11,181),(1,11,185),(1,11,188),(1,11,198),(1,12,94),(1,12,168),(1,12,181),(1,12,187),(1,12,591),(1,12,1113),(1,13,54),(1,13,67),(1,13,167),(1,13,175),(1,13,183),(1,13,1219),(1,17,63),(1,17,167),(1,17,169),(1,17,183),(1,40,54),(1,40,165),(1,40,168),(1,40,169),(1,41,81),(1,41,173),(1,41,191),(1,41,192),(1,41,194),(1,44,62),(1,44,181),(1,44,184),(1,44,190),(1,53,67),(1,53,169),(1,53,173),(1,53,185),(1,53,191),(1,56,69),(1,56,827),(1,56,924),(1,56,1220),(1,57,69),(1,57,168),(1,57,772),(1,57,820),(1,57,859),(1,58,55),(1,58,185),(1,58,488),(1,58,794),(1,58,842),(1,58,870),(1,65,54),(1,65,167),(1,65,376),(1,65,597),(1,65,912),(1,65,1030),(1,65,1089),(1,66,65),(1,66,167),(1,66,181),(1,66,184),(1,66,190),(1,66,197),(1,67,54),(1,67,166),(1,67,179),(1,67,897),(1,67,1123),(1,67,1161),(1,74,68),(1,74,168),(1,74,648),(1,74,1219),(1,74,1220),(1,78,62),(1,78,169),(1,78,287),(1,78,655),(1,78,874),(1,78,1220),(1,277,64),(1,277,165),(1,277,180),(1,277,188),(1,277,207),(1,277,238),(1,278,63),(1,278,168),(1,279,59),(1,279,182),(1,279,617),(1,279,864),(1,280,65),(1,280,168),(1,280,191),(1,280,940),(1,281,54),(1,281,169),(1,281,176),(1,281,191),(1,281,607),(1,281,1090),(1,284,63),(1,284,168),(1,291,68),(1,291,169),(1,291,185),(1,291,195),(1,363,63),(1,363,168);
/*!40000 ALTER TABLE `participant` ENABLE KEYS */;
UNLOCK TABLES;

--
-- Table structure for table `reference`
--

DROP TABLE IF EXISTS `reference`;
/*!40101 SET @saved_cs_client     = @@character_set_client */;
 SET character_set_client = utf8mb4 ;
CREATE TABLE `reference` (
  `id_creneau` int(11) NOT NULL,
  `id_message` int(11) NOT NULL,
  PRIMARY KEY (`id_creneau`,`id_message`),
  KEY `FK_Reference_id_message` (`id_message`),
  CONSTRAINT `FK_Reference_id_creneau` FOREIGN KEY (`id_creneau`) REFERENCES `creneau` (`id_creneau`),
  CONSTRAINT `FK_Reference_id_message` FOREIGN KEY (`id_message`) REFERENCES `message` (`id_message`)
) ENGINE=InnoDB DEFAULT CHARSET=utf8;
/*!40101 SET character_set_client = @saved_cs_client */;

--
-- Dumping data for table `reference`
--

LOCK TABLES `reference` WRITE;
/*!40000 ALTER TABLE `reference` DISABLE KEYS */;
/*!40000 ALTER TABLE `reference` ENABLE KEYS */;
UNLOCK TABLES;

--
-- Table structure for table `relations_groupes`
--

DROP TABLE IF EXISTS `relations_groupes`;
/*!40101 SET @saved_cs_client     = @@character_set_client */;
 SET character_set_client = utf8mb4 ;
CREATE TABLE `relations_groupes` (
  `id_utilisateur` int(11) NOT NULL,
  `id_groupe` int(11) NOT NULL,
  PRIMARY KEY (`id_utilisateur`,`id_groupe`),
  KEY `FK_RelationsGroupes_id_groupe` (`id_groupe`),
  CONSTRAINT `FK_RelationsGroupes_id_groupe` FOREIGN KEY (`id_groupe`) REFERENCES `groupe` (`id_groupe`),
  CONSTRAINT `FK_RelationsGroupes_id_utilisateur` FOREIGN KEY (`id_utilisateur`) REFERENCES `utilisateur` (`id_utilisateur`)
) ENGINE=InnoDB DEFAULT CHARSET=utf8;
/*!40101 SET character_set_client = @saved_cs_client */;

--
-- Dumping data for table `relations_groupes`
--

LOCK TABLES `relations_groupes` WRITE;
/*!40000 ALTER TABLE `relations_groupes` DISABLE KEYS */;
/*!40000 ALTER TABLE `relations_groupes` ENABLE KEYS */;
UNLOCK TABLES;

--
-- Table structure for table `salle`
--

DROP TABLE IF EXISTS `salle`;
/*!40101 SET @saved_cs_client     = @@character_set_client */;
 SET character_set_client = utf8mb4 ;
CREATE TABLE `salle` (
  `id_salle` int(11) NOT NULL AUTO_INCREMENT,
  `nom` varchar(255) DEFAULT NULL,
  `id_etablissement` int(11) DEFAULT NULL,
  PRIMARY KEY (`id_salle`),
  KEY `FK_Salle_id_etablissement` (`id_etablissement`),
  CONSTRAINT `FK_Salle_id_etablissement` FOREIGN KEY (`id_etablissement`) REFERENCES `etablissement` (`id_etablissement`)
) ENGINE=InnoDB AUTO_INCREMENT=13 DEFAULT CHARSET=utf8;
/*!40101 SET character_set_client = @saved_cs_client */;

--
-- Dumping data for table `salle`
--

LOCK TABLES `salle` WRITE;
/*!40000 ALTER TABLE `salle` DISABLE KEYS */;
INSERT INTO `salle` VALUES (1,'Salle01',4),(2,'Salle02',4),(3,'Salle03',4),(4,'Salle04',4),(5,'Salle05',4),(6,'Salle06',4),(7,'Salle07',4),(8,'Salle08',4),(9,'Physique01',4),(10,'Physique02',4),(11,'Physique03',4),(12,'Techno',4);
/*!40000 ALTER TABLE `salle` ENABLE KEYS */;
UNLOCK TABLES;

--
-- Table structure for table `utilisateur`
--

DROP TABLE IF EXISTS `utilisateur`;
/*!40101 SET @saved_cs_client     = @@character_set_client */;
 SET character_set_client = utf8mb4 ;
CREATE TABLE `utilisateur` (
  `id_utilisateur` int(11) NOT NULL AUTO_INCREMENT,
  `password` char(40) DEFAULT NULL,
  `nom` varchar(50) NOT NULL DEFAULT 'nom',
  `prenom` varchar(50) NOT NULL DEFAULT 'prenom',
  `mail` varchar(100) NOT NULL DEFAULT 'mail@mail.fr',
  `disponible` tinyint(1) NOT NULL DEFAULT '0',
  `actif` tinyint(1) NOT NULL DEFAULT '0',
  `telephone` varchar(25) DEFAULT NULL,
  `classe` varchar(25) DEFAULT NULL,
  `id_etablissement` int(11) NOT NULL DEFAULT '1',
  `role` varchar(30) DEFAULT NULL,
  PRIMARY KEY (`id_utilisateur`),
  UNIQUE KEY `mail` (`mail`),
  KEY `FK_Utilisateur_id_etablissement` (`id_etablissement`),
  CONSTRAINT `FK_Utilisateur_id_etablissement` FOREIGN KEY (`id_etablissement`) REFERENCES `etablissement` (`id_etablissement`)
) ENGINE=InnoDB AUTO_INCREMENT=1223 DEFAULT CHARSET=utf8;
/*!40101 SET character_set_client = @saved_cs_client */;

--
-- Dumping data for table `utilisateur`
--

LOCK TABLES `utilisateur` WRITE;
/*!40000 ALTER TABLE `utilisateur` DISABLE KEYS */;
INSERT INTO `utilisateur` VALUES (2,'202cb962ac59075b964b07152d234b70','Grand','Schtroumpf','Schtroumpf@Schtroumpf.com',1,1,'',NULL,2,'Administrateur'),(3,'202cb962ac59075b964b07152d234b70','LeGris','Gandalph','gris@magicien.io.org',1,1,'',NULL,3,'Administrateur'),(5,'202cb962ac59075b964b07152d234b70','Rubeus','Hagrid','Rubeus@poudlard.com',1,1,'',NULL,1,'Professeur'),(6,'202cb962ac59075b964b07152d234b70','Vector','Septima','Septima@poudlard.com',1,1,'',NULL,1,'Professeur'),(7,'202cb962ac59075b964b07152d234b70','ALunette','Schtroumpf','ALunette@Schtroumpf.com',1,1,'',NULL,2,'Professeur'),(8,'202cb962ac59075b964b07152d234b70','Schtroumpfette','Schtroumpf','Schtroumpfette@Schtroumpf.com',1,1,'',NULL,2,'Professeur'),(9,'202cb962ac59075b964b07152d234b70','Causto','Schtroumpf','Causto@Schtroumpf.com',1,1,'',NULL,2,'Professeur'),(10,'202cb962ac59075b964b07152d234b70','Bricoleur','Schtroumpf','bricolleur@Schtroumpf.com',1,1,'',NULL,2,'Professeur'),(11,'202cb962ac59075b964b07152d234b70','Baggins','Bilbo','b.baggins@hobbit.org',1,1,'',NULL,3,'Professeur'),(12,'202cb962ac59075b964b07152d234b70','Tournesol','Tryphon','Potter@poudlard.com',0,1,'','Tintin',1,'Eleve'),(13,'202cb962ac59075b964b07152d234b70','Einchtein','Albert','albert@science.com',0,1,NULL,'TopduTop',1,'Eleve'),(14,'202cb962ac59075b964b07152d234b70','Ombrage','Dolores','Ombrage@poudlard.com',1,1,'','Serdaigle',1,'Eleve'),(15,'202cb962ac59075b964b07152d234b70','Weasley','Ronald','Weasley@poudlard.com',0,1,'','Grifondor',1,'Eleve'),(17,'202cb962ac59075b964b07152d234b70','Jedusor','Tom','Jedusor@poudlard.com',1,1,'','Serpentard',1,'Eleve'),(18,'202cb962ac59075b964b07152d234b70','Schtroumpf','Farceur','Farceur@Schtroumpf.com',1,1,'',NULL,2,'Eleve'),(19,'202cb962ac59075b964b07152d234b70','Schtroumpf','grognon','grognon@Schtroumpf.com',1,1,'',NULL,2,'Eleve'),(20,'202cb962ac59075b964b07152d234b70','Schtroumpf','raleur','raleur@Schtroumpf.com',1,1,'',NULL,2,'Eleve'),(21,'202cb962ac59075b964b07152d234b70','Schtroumpf','timide','timide@Schtroumpf.com',1,1,'',NULL,2,'Eleve'),(23,'202cb962ac59075b964b07152d234b70','Schtroumpf','paysan','paysan@Schtroumpf.com',1,1,'',NULL,2,'Eleve'),(24,'202cb962ac59075b964b07152d234b70','Schtroumpf','peureux','peureux@Schtroumpf.com',1,1,'',NULL,2,'Eleve'),(25,'202cb962ac59075b964b07152d234b70','Schtroumpf','poete','poete@Schtroumpf.com',1,1,'',NULL,2,'Eleve'),(26,'202cb962ac59075b964b07152d234b70','Gamgie','Sam','Gamgie@hobbit.org',1,1,'',NULL,3,'Eleve'),(27,'202cb962ac59075b964b07152d234b70','Bessac','Frodo','Bessac@hobbit.org',1,1,'',NULL,3,'Eleve'),(28,'202cb962ac59075b964b07152d234b70','Brandibouc','Merry','Brandibouc@hobbit.org',1,1,'',NULL,3,'Eleve'),(46,'202cb962ac59075b964b07152d234b70','hawking','Stephen','hawking@glmail.com',1,0,'00 00 00 00 00','Science',1,'Eleve'),(47,'202cb962ac59075b964b07152d234b70','Yannick','Langlai','admin@admin.fr',0,0,NULL,NULL,4,'Administrateur'),(50,'202cb962ac59075b964b07152d234b70','BERBI-COLO','Adam','0003eleve@mail.com',1,0,NULL,'3A',4,'Professeur'),(51,'202cb962ac59075b964b07152d234b70','BES--DOHERT','Adam','0004eleve@mail.com',1,0,NULL,'6 C',4,'Professeur'),(52,'202cb962ac59075b964b07152d234b70','BES--DOHERT','Adela','0005eleve@mail.com',1,0,NULL,'3 F',4,'Professeur'),(53,'202cb962ac59075b964b07152d234b70','BET','Adem','0006eleve@mail.com',1,0,NULL,'3F',4,'Professeur'),(54,'202cb962ac59075b964b07152d234b70','BET','Adrian','0007eleve@mail.com',1,0,NULL,'5 D',4,'Professeur'),(55,'202cb962ac59075b964b07152d234b70','BEYLI','Adrien','0008eleve@mail.com',1,0,NULL,'4 D',4,'Professeur'),(56,'202cb962ac59075b964b07152d234b70','BEZILEIRI','Adrien','0009eleve@mail.com',1,0,NULL,'5 D',4,'Professeur'),(57,'202cb962ac59075b964b07152d234b70','BIEOT','Adrien','0010eleve@mail.com',1,0,NULL,'6 D',4,'Professeur'),(58,'202cb962ac59075b964b07152d234b70','BIRGHIIN','Adrien','0011eleve@mail.com',1,0,NULL,'3 F',4,'Professeur'),(59,'202cb962ac59075b964b07152d234b70','BIRGIEO','Agathe','0012eleve@mail.com',1,0,NULL,'4 C',4,'Professeur'),(60,'202cb962ac59075b964b07152d234b70','BIRVII','Agnès','0013eleve@mail.com',1,0,NULL,'6 L',4,'Professeur'),(61,'202cb962ac59075b964b07152d234b70','BIS','Agnès','0014eleve@mail.com',1,0,NULL,'4 L',4,'Professeur'),(62,'202cb962ac59075b964b07152d234b70','BITOV','Ahlam','0015eleve@mail.com',1,0,NULL,'3 L',4,'Professeur'),(63,'202cb962ac59075b964b07152d234b70','BOFFI','Aida','0016eleve@mail.com',0,0,NULL,'3 F',4,'Professeur'),(64,'202cb962ac59075b964b07152d234b70','BOIS','Aintzane','0017eleve@mail.com',1,0,NULL,'6 C',4,'Professeur'),(65,'202cb962ac59075b964b07152d234b70','BORIEOD','Alaia','0018eleve@mail.com',1,0,NULL,'3 D',4,'Professeur'),(66,'202cb962ac59075b964b07152d234b70','BORIEOD','Alaya','0019eleve@mail.com',1,0,NULL,'4 F',4,'Professeur'),(67,'202cb962ac59075b964b07152d234b70','BOSC','Alboury','0020eleve@mail.com',1,0,NULL,'5 E',4,'Professeur'),(68,'202cb962ac59075b964b07152d234b70','BOST TINOCO DE CONHE','Alessandro','0021eleve@mail.com',1,0,NULL,'4 G',4,'Professeur'),(69,'202cb962ac59075b964b07152d234b70','BOY','Alexandre','0022eleve@mail.com',1,0,NULL,'6 E',4,'Professeur'),(70,'202cb962ac59075b964b07152d234b70','BOZ','Alexandre','0023eleve@mail.com',1,0,NULL,'4 B',4,'Professeur'),(71,'202cb962ac59075b964b07152d234b70','BRITO','Alexandre','0024eleve@mail.com',1,0,NULL,'6 B',4,'Professeur'),(72,'202cb962ac59075b964b07152d234b70','BRONII-FIORINTINO','Alexane','0025eleve@mail.com',1,0,NULL,'4 C',4,'Professeur'),(73,'202cb962ac59075b964b07152d234b70','BY','Alexia','0026eleve@mail.com',1,0,NULL,'3G',4,'Professeur'),(74,'202cb962ac59075b964b07152d234b70','CBIRNIT','Alexiane','0027eleve@mail.com',1,0,NULL,'4 F',4,'Professeur'),(75,'202cb962ac59075b964b07152d234b70','CEBY','Alice','0028eleve@mail.com',1,0,NULL,'5 F',4,'Professeur'),(76,'202cb962ac59075b964b07152d234b70','CEM','Aline','0029eleve@mail.com',1,0,NULL,'4 B',4,'Professeur'),(77,'202cb962ac59075b964b07152d234b70','CERD','Alissia','0030eleve@mail.com',1,0,NULL,'5 B',4,'Professeur'),(78,'202cb962ac59075b964b07152d234b70','CERD','Alix','0031eleve@mail.com',0,0,NULL,'5 F',4,'Professeur'),(79,'202cb962ac59075b964b07152d234b70','CERDETZ','Allan','0032eleve@mail.com',1,0,NULL,'6 C',4,'Professeur'),(80,'202cb962ac59075b964b07152d234b70','CERDETZ','Allande','0033eleve@mail.com',1,0,NULL,'6 B',4,'Professeur'),(81,'202cb962ac59075b964b07152d234b70','CESSOO-MENEGEL','Amaïa','0034eleve@mail.com',1,0,NULL,'3 B',4,'Professeur'),(82,'202cb962ac59075b964b07152d234b70','CEZI--COLLIN','Amaiur','0035eleve@mail.com',1,0,NULL,'4 L',4,'Professeur'),(83,'202cb962ac59075b964b07152d234b70','CHEDIEO','Amaiur','0036eleve@mail.com',1,0,NULL,'4 D',4,'Professeur'),(84,'202cb962ac59075b964b07152d234b70','CHEMBRI','Amandine','0037eleve@mail.com',1,0,NULL,'6 C',4,'Professeur'),(85,'202cb962ac59075b964b07152d234b70','CHEORREGE','Amandine','0038eleve@mail.com',1,0,NULL,'3 D',4,'Professeur'),(86,'202cb962ac59075b964b07152d234b70','CHERT','Ambre','0039eleve@mail.com',1,0,NULL,'3 E',4,'Professeur'),(87,'202cb962ac59075b964b07152d234b70','CHERY','Ambre','0040eleve@mail.com',1,0,NULL,'5 F',4,'Professeur'),(88,'202cb962ac59075b964b07152d234b70','CHERY','Ambre','0041eleve@mail.com',1,0,NULL,'4 D',4,'Professeur'),(89,'202cb962ac59075b964b07152d234b70','CHIBERNI','Ambre','0042eleve@mail.com',1,0,NULL,'5 D',4,'Professeur'),(90,'202cb962ac59075b964b07152d234b70','CHIBIRRY','Ambre','0043eleve@mail.com',0,0,NULL,'6 D',4,'Professeur'),(91,'202cb962ac59075b964b07152d234b70','CHICOPER','Amélie','0044eleve@mail.com',1,0,NULL,'6 E',4,'Professeur'),(92,'202cb962ac59075b964b07152d234b70','CHIGEREY','Amélie','0045eleve@mail.com',1,0,NULL,'5 D',4,'Professeur'),(93,'202cb962ac59075b964b07152d234b70','CHI--HIINRICH','Amélie','0046eleve@mail.com',1,0,NULL,'5 C',4,'Professeur'),(94,'202cb962ac59075b964b07152d234b70','CHIL','Amin','0047eleve@mail.com',1,0,NULL,'3 F',4,'Professeur'),(95,'202cb962ac59075b964b07152d234b70','CHIN','Amy','0048eleve@mail.com',0,0,NULL,'4 F',4,'Professeur'),(165,'202cb962ac59075b964b07152d234b70','ECIIT','Benoît','0118eleve@mail.com',1,0,NULL,'4B',4,'Eleve'),(166,'202cb962ac59075b964b07152d234b70','ED','Bernardodeeeee','0119eleve@mail.com',1,0,NULL,'5 L',4,'Eleve'),(167,'202cb962ac59075b964b07152d234b70','EDINI','Bixente','0120eleve@mail.com',1,0,NULL,'5 D',4,'Eleve'),(168,'202cb962ac59075b964b07152d234b70','EFE','Brice','0121eleve@mail.com',1,0,NULL,'4 E',4,'Eleve'),(169,'202cb962ac59075b964b07152d234b70','EFIR','Bryan','0122eleve@mail.com',1,0,NULL,'3 E',4,'Eleve'),(170,'202cb962ac59075b964b07152d234b70','EGEIS','Camille','0123eleve@mail.com',1,0,NULL,'6 F',4,'Eleve'),(171,'202cb962ac59075b964b07152d234b70','EGLIE-WIRMILINGIR','Camille','0124eleve@mail.com',1,0,NULL,'6 E',4,'Eleve'),(172,'202cb962ac59075b964b07152d234b70','ELFELLEH','Camille','0125eleve@mail.com',1,0,NULL,'7 E',4,'Eleve'),(173,'202cb962ac59075b964b07152d234b70','ELMIIDE EZIVIDO','Camille','0126eleve@mail.com',1,0,NULL,'5 C',4,'Eleve'),(174,'202cb962ac59075b964b07152d234b70','EMINEDI','Camille','0127eleve@mail.com',1,0,NULL,'3 D',4,'Eleve'),(175,'202cb962ac59075b964b07152d234b70','EMINT','Capucine','0128eleve@mail.com',1,0,NULL,'4 D',4,'Eleve'),(176,'202cb962ac59075b964b07152d234b70','EMMOO','Capucine','0129eleve@mail.com',1,0,NULL,'3 C',4,'Eleve'),(177,'202cb962ac59075b964b07152d234b70','EN','Capucine','0130eleve@mail.com',1,0,NULL,'6 C',4,'Eleve'),(178,'202cb962ac59075b964b07152d234b70','EN','Carla','0131eleve@mail.com',1,0,NULL,'4 F',4,'Eleve'),(179,'202cb962ac59075b964b07152d234b70','ENCHIT','Carla','0132eleve@mail.com',1,0,NULL,'5 G',4,'Eleve'),(180,'202cb962ac59075b964b07152d234b70','ENCHON','Carla','0133eleve@mail.com',1,0,NULL,'4 G',4,'Eleve'),(181,'202cb962ac59075b964b07152d234b70','ENCID','Carla','0134eleve@mail.com',1,0,NULL,'3 F',4,'Eleve'),(182,'202cb962ac59075b964b07152d234b70','ENDCEMP','Carline','0135eleve@mail.com',1,0,NULL,'6 F',4,'Eleve'),(183,'202cb962ac59075b964b07152d234b70','ENE','Carrie','0136eleve@mail.com',1,0,NULL,'3A',4,'Eleve'),(184,'202cb962ac59075b964b07152d234b70','ENE','Cassy','0137eleve@mail.com',1,0,NULL,'5 C',4,'Eleve'),(185,'202cb962ac59075b964b07152d234b70','ENE','Cassya','0138eleve@mail.com',1,0,NULL,'5 G',4,'Eleve'),(186,'202cb962ac59075b964b07152d234b70','ENE- LEPLECITTI','Cathy','0139eleve@mail.com',1,0,NULL,'3 B',4,'Eleve'),(187,'202cb962ac59075b964b07152d234b70','ENEC','Cécile','0140eleve@mail.com',1,0,NULL,'6 B',4,'Eleve'),(188,'202cb962ac59075b964b07152d234b70','ENEYE','Céleste','0141eleve@mail.com',1,0,NULL,'3 D',4,'Eleve'),(189,'202cb962ac59075b964b07152d234b70','ENNOO','Charline','0142eleve@mail.com',1,0,NULL,'5 D',4,'Eleve'),(190,'202cb962ac59075b964b07152d234b70','ENOLOV','Charlotte','0143eleve@mail.com',1,0,NULL,'5 B',4,'Eleve'),(191,'202cb962ac59075b964b07152d234b70','ENTI','Charlotte','0144eleve@mail.com',1,0,NULL,'5 G',4,'Eleve'),(192,'202cb962ac59075b964b07152d234b70','EODIENT','Charlotte','0145eleve@mail.com',1,0,NULL,'6 D',4,'Eleve'),(193,'202cb962ac59075b964b07152d234b70','EOMENN-GONZELIZ','Charlotte','0146eleve@mail.com',1,0,NULL,'6 B',4,'Eleve'),(194,'202cb962ac59075b964b07152d234b70','EONDIGOI','Charlotte','0147eleve@mail.com',1,0,NULL,'3 D',4,'Eleve'),(195,'202cb962ac59075b964b07152d234b70','EOOJI','Charlotte-Maitena','0148eleve@mail.com',1,0,NULL,'3 C',4,'Eleve'),(196,'202cb962ac59075b964b07152d234b70','EORI','Charly','0149eleve@mail.com',1,0,NULL,'3 L',4,'Eleve'),(197,'202cb962ac59075b964b07152d234b70','ERDENI','Charly','0150eleve@mail.com',1,0,NULL,'6 F',4,'Eleve'),(198,'202cb962ac59075b964b07152d234b70','ERESSERRY','Chloé','0151eleve@mail.com',1,0,NULL,'6 L',4,'Eleve'),(199,'202cb962ac59075b964b07152d234b70','ERIZ','Chloé','0152eleve@mail.com',1,0,NULL,'6 D',4,'Eleve'),(200,'202cb962ac59075b964b07152d234b70','ERLIS','Christophe','0153eleve@mail.com',1,0,NULL,'4 C',4,'Eleve'),(201,'202cb962ac59075b964b07152d234b70','ERT','Christophe','0154eleve@mail.com',1,0,NULL,'4 F',4,'Eleve'),(202,'202cb962ac59075b964b07152d234b70','ERT','Claire','0155eleve@mail.com',1,0,NULL,'3 C',4,'Eleve'),(203,'202cb962ac59075b964b07152d234b70','ERTI GOOVIIE','Clara','0156eleve@mail.com',1,0,NULL,'6 D',4,'Eleve'),(204,'202cb962ac59075b964b07152d234b70','ERTI GOOVIIE','Clara','0157eleve@mail.com',1,0,NULL,'3 C',4,'Eleve'),(205,'202cb962ac59075b964b07152d234b70','ERY','Clara','0158eleve@mail.com',1,0,NULL,'6 L',4,'Eleve'),(206,'202cb962ac59075b964b07152d234b70','ES GEME','Clara','0159eleve@mail.com',1,0,NULL,'6 C',4,'Eleve'),(207,'202cb962ac59075b964b07152d234b70','ESSI','Clara','0160eleve@mail.com',1,0,NULL,'4 C',4,'Eleve'),(208,'202cb962ac59075b964b07152d234b70','ESTECIO','Clara','0161eleve@mail.com',1,0,NULL,'6 B',4,'Eleve'),(209,'202cb962ac59075b964b07152d234b70','ESTESSIOS','Clara','0162eleve@mail.com',1,0,NULL,'4 B',4,'Eleve'),(210,'202cb962ac59075b964b07152d234b70','ET','Clarence','0163eleve@mail.com',1,0,NULL,'5 B',4,'Eleve'),(211,'202cb962ac59075b964b07152d234b70','ETILLERD','Cléa','0164eleve@mail.com',1,0,NULL,'6 B',4,'Eleve'),(212,'202cb962ac59075b964b07152d234b70','ETZOQOY','Clémence','0165eleve@mail.com',1,0,NULL,'7 B',4,'Eleve'),(213,'202cb962ac59075b964b07152d234b70','EU','Clémence','0166eleve@mail.com',1,0,NULL,'8 B',4,'Eleve'),(214,'202cb962ac59075b964b07152d234b70','FERGOI','Clémence','0167eleve@mail.com',1,0,NULL,'5 E',4,'Eleve'),(215,'202cb962ac59075b964b07152d234b70','FERGOI','Clémence','0168eleve@mail.com',1,0,NULL,'5 B',4,'Eleve'),(216,'202cb962ac59075b964b07152d234b70','FFO','Clément','0169eleve@mail.com',1,0,NULL,'4 E',4,'Eleve'),(217,'202cb962ac59075b964b07152d234b70','FFOIR','Clément','0170eleve@mail.com',1,0,NULL,'3 C',4,'Eleve'),(218,'202cb962ac59075b964b07152d234b70','FFONTES - LI BRES','Clément','0171eleve@mail.com',1,0,NULL,'4 C',4,'Eleve'),(219,'202cb962ac59075b964b07152d234b70','FIVRI','Clément','0172eleve@mail.com',1,0,NULL,'5 C',4,'Eleve'),(220,'202cb962ac59075b964b07152d234b70','FLISSILLI','Clémentine','0173eleve@mail.com',1,0,NULL,'6 C',4,'Eleve'),(221,'202cb962ac59075b964b07152d234b70','FOORG','Clovis','0174eleve@mail.com',1,0,NULL,'7 C',4,'Eleve'),(222,'202cb962ac59075b964b07152d234b70','GEBORI','Colin','0175eleve@mail.com',1,0,NULL,'8 C',4,'Eleve'),(223,'202cb962ac59075b964b07152d234b70','GELDI','Coline','0176eleve@mail.com',1,0,NULL,'9 C',4,'Eleve'),(224,'202cb962ac59075b964b07152d234b70','GELE-BINICHOO','Coline','0177eleve@mail.com',1,0,NULL,'5 L',4,'Eleve'),(225,'202cb962ac59075b964b07152d234b70','GI','Coralie','0178eleve@mail.com',1,0,NULL,'5 C',4,'Eleve'),(226,'202cb962ac59075b964b07152d234b70','GIENNIS','Corentin','0179eleve@mail.com',1,0,NULL,'5 G',4,'Eleve'),(227,'202cb962ac59075b964b07152d234b70','GILI','Corto','0180eleve@mail.com',1,0,NULL,'3 D',4,'Eleve'),(228,'202cb962ac59075b964b07152d234b70','GLEDI','Cristina','0181eleve@mail.com',1,0,NULL,'3 F',4,'Eleve'),(229,'202cb962ac59075b964b07152d234b70','GNI','Cyrielle','0182eleve@mail.com',1,0,NULL,'4 C',4,'Eleve'),(230,'202cb962ac59075b964b07152d234b70','GNI','Cyril','0183eleve@mail.com',1,0,NULL,'5 D',4,'Eleve'),(231,'202cb962ac59075b964b07152d234b70','GNIEO','Dael','0184eleve@mail.com',1,0,NULL,'3A',4,'Eleve'),(232,'202cb962ac59075b964b07152d234b70','GOERDI-SIGOT','Damien','0185eleve@mail.com',1,0,NULL,'5 C',4,'Eleve'),(233,'202cb962ac59075b964b07152d234b70','GOERDI-SIGOT','Damien','0186eleve@mail.com',1,0,NULL,'5 C',4,'Eleve'),(234,'202cb962ac59075b964b07152d234b70','GOERDI-SIGOT','Damien','0187eleve@mail.com',1,0,NULL,'5 E',4,'Eleve'),(235,'202cb962ac59075b964b07152d234b70','GOILHIM','Damien','0188eleve@mail.com',1,0,NULL,'5 C',4,'Eleve'),(236,'202cb962ac59075b964b07152d234b70','GOILHIM','Daphné','0189eleve@mail.com',1,0,NULL,'6 D',4,'Eleve'),(237,'202cb962ac59075b964b07152d234b70','GOIRRI','Darius','0190eleve@mail.com',1,0,NULL,'4 E',4,'Eleve'),(238,'202cb962ac59075b964b07152d234b70','GOIS--HIDELGO','David','0191eleve@mail.com',1,0,NULL,'5 C',4,'Eleve'),(239,'202cb962ac59075b964b07152d234b70','GOIS--HIDELGO','David','0192eleve@mail.com',1,0,NULL,'3 C',4,'Eleve'),(240,'202cb962ac59075b964b07152d234b70','GOIT','Déborah','0193eleve@mail.com',1,0,NULL,'3 C',4,'Eleve'),(241,'202cb962ac59075b964b07152d234b70','GOLE','Diane','0194eleve@mail.com',1,0,NULL,'3 L',4,'Eleve'),(242,'202cb962ac59075b964b07152d234b70','GOSTO','Diego','0195eleve@mail.com',1,0,NULL,'5 D',4,'Eleve'),(243,'202cb962ac59075b964b07152d234b70','GOT','Diego','0196eleve@mail.com',1,0,NULL,'3 B',4,'Eleve'),(244,'202cb962ac59075b964b07152d234b70','GROS','Diego','0197eleve@mail.com',1,0,NULL,'3 L',4,'Eleve'),(245,'202cb962ac59075b964b07152d234b70','HEBIB','Dolovan','0198eleve@mail.com',1,0,NULL,'3 L',4,'Eleve'),(246,'202cb962ac59075b964b07152d234b70','HEREN','Domitille','0199eleve@mail.com',1,0,NULL,'4 G',4,'Eleve'),(247,'202cb962ac59075b964b07152d234b70','HEREN','Domitille','0200eleve@mail.com',1,0,NULL,'4 C',4,'Eleve'),(248,'202cb962ac59075b964b07152d234b70','HERT','Dora','0201eleve@mail.com',1,0,NULL,'5 L',4,'Eleve'),(249,'202cb962ac59075b964b07152d234b70','HEZZEN','Doulce','0202eleve@mail.com',1,0,NULL,'6 L',4,'Eleve'),(250,'202cb962ac59075b964b07152d234b70','HICHI','Driss','0203eleve@mail.com',1,0,NULL,'7 L',4,'Eleve'),(251,'202cb962ac59075b964b07152d234b70','HIIR - GLYZI','Dylan','0204eleve@mail.com',1,0,NULL,'4 D',4,'Eleve'),(252,'202cb962ac59075b964b07152d234b70','HIL','Dylan','0205eleve@mail.com',1,0,NULL,'6 F',4,'Eleve'),(253,'202cb962ac59075b964b07152d234b70','HILI','Eduardo','0206eleve@mail.com',1,0,NULL,'5 E',4,'Eleve'),(254,'202cb962ac59075b964b07152d234b70','HIMOV','Ekhi','0207eleve@mail.com',1,0,NULL,'6 E',4,'Eleve'),(255,'202cb962ac59075b964b07152d234b70','HIREBIDI','Elaia','0208eleve@mail.com',1,0,NULL,'4 B',4,'Eleve'),(256,'202cb962ac59075b964b07152d234b70','HIREMINDY HORTEDO','Elaia','0209eleve@mail.com',1,0,NULL,'6 B',4,'Eleve'),(257,'202cb962ac59075b964b07152d234b70','HIVISTI','Elaia','0210eleve@mail.com',1,0,NULL,'5 B',4,'Eleve'),(258,'202cb962ac59075b964b07152d234b70','HIVISTI','Elaia','0211eleve@mail.com',1,0,NULL,'5 E',4,'Eleve'),(259,'202cb962ac59075b964b07152d234b70','HMIDLIN','Elaia','0212eleve@mail.com',1,0,NULL,'5 D',4,'Eleve'),(260,'202cb962ac59075b964b07152d234b70','HMIDLIN','Elaia','0213eleve@mail.com',1,0,NULL,'3G',4,'Eleve'),(261,'202cb962ac59075b964b07152d234b70','HOBIITTI','Eléa','0214eleve@mail.com',1,0,NULL,'3G',4,'Eleve'),(262,'202cb962ac59075b964b07152d234b70','HOTIGOY','Eliès','0215eleve@mail.com',1,0,NULL,'4 D',4,'Eleve'),(263,'202cb962ac59075b964b07152d234b70','HOTIGOY','Elijah','0216eleve@mail.com',1,0,NULL,'3 E',4,'Eleve'),(264,'202cb962ac59075b964b07152d234b70','HOTIGOY','Elioth','0217eleve@mail.com',1,0,NULL,'6 F',4,'Eleve'),(265,'202cb962ac59075b964b07152d234b70','HOTIGOY','Eliott','0218eleve@mail.com',1,0,NULL,'3A',4,'Eleve'),(266,'202cb962ac59075b964b07152d234b70','HOTZ','Eliott','0219eleve@mail.com',1,0,NULL,'3 E',4,'Eleve'),(267,'202cb962ac59075b964b07152d234b70','HRIN','Elisa','0220eleve@mail.com',1,0,NULL,'3 B',4,'Eleve'),(268,'202cb962ac59075b964b07152d234b70','IBEOD','Elise','0221eleve@mail.com',1,0,NULL,'5 B',4,'Eleve'),(269,'202cb962ac59075b964b07152d234b70','IBLING','Eliza','0222eleve@mail.com',1,0,NULL,'4 E',4,'Eleve'),(270,'202cb962ac59075b964b07152d234b70','ICHERNEOD','Eliza','0223eleve@mail.com',1,0,NULL,'4 G',4,'Eleve'),(271,'202cb962ac59075b964b07152d234b70','ICHERNEOD','Ellande','0224eleve@mail.com',1,0,NULL,'6 B',4,'Eleve'),(272,'202cb962ac59075b964b07152d234b70','ICOIPI','Ellande','0225eleve@mail.com',1,0,NULL,'6 B',4,'Eleve'),(273,'202cb962ac59075b964b07152d234b70','ICOIPI','Eloi','0226eleve@mail.com',1,0,NULL,'4 D',4,'Eleve'),(274,'202cb962ac59075b964b07152d234b70','ICOIPI - TOOSSEINT','Eloïse','0227eleve@mail.com',1,0,NULL,'4 D',4,'Eleve'),(275,'202cb962ac59075b964b07152d234b70','IDIT','Elorri','0228eleve@mail.com',1,0,NULL,'5 D',4,'Eleve'),(276,'202cb962ac59075b964b07152d234b70','IECH','Elorri','0229eleve@mail.com',1,0,NULL,'4 F',4,'Eleve'),(277,'202cb962ac59075b964b07152d234b70','IENDONO','Elrick','0230eleve@mail.com',1,0,NULL,'5 E',4,'Eleve'),(278,'202cb962ac59075b964b07152d234b70','IENT','Ema','0231eleve@mail.com',1,0,NULL,'3 E',4,'Eleve'),(279,'202cb962ac59075b964b07152d234b70','IERT','Emilie','0232eleve@mail.com',1,0,NULL,'3 C',4,'Eleve'),(280,'202cb962ac59075b964b07152d234b70','IERT','Emilie','0233eleve@mail.com',1,0,NULL,'3 D',4,'Eleve'),(281,'202cb962ac59075b964b07152d234b70','IES-JIEN','Emilie','0234eleve@mail.com',1,0,NULL,'6 E',4,'Eleve'),(282,'202cb962ac59075b964b07152d234b70','IES-JIEN','Emma','0235eleve@mail.com',1,0,NULL,'3A',4,'Eleve'),(283,'202cb962ac59075b964b07152d234b70','IFFERD DOPRIOILH','Emma','0236eleve@mail.com',1,0,NULL,'4 F',4,'Eleve'),(284,'202cb962ac59075b964b07152d234b70','IFFERD DOPRIOILH','Emma','0237eleve@mail.com',1,0,NULL,'3A',4,'Eleve'),(285,'202cb962ac59075b964b07152d234b70','IFFI','Emma','0238eleve@mail.com',1,0,NULL,'6 E',4,'Eleve'),(286,'202cb962ac59075b964b07152d234b70','IGE PIRIIRE','Emma','0239eleve@mail.com',1,0,NULL,'6 E',4,'Eleve'),(287,'202cb962ac59075b964b07152d234b70','IGITOMI','Emma','0240eleve@mail.com',1,0,NULL,'3 C',4,'Eleve'),(288,'202cb962ac59075b964b07152d234b70','IGITOMI','Emma','0241eleve@mail.com',1,0,NULL,'3G',4,'Eleve'),(289,'202cb962ac59075b964b07152d234b70','IGITOMI','Emma','0242eleve@mail.com',1,0,NULL,'5 E',4,'Eleve'),(290,'202cb962ac59075b964b07152d234b70','IGNEN','Enea','0243eleve@mail.com',1,0,NULL,'5 E',4,'Eleve'),(291,'202cb962ac59075b964b07152d234b70','IGNIIN','Eneko','0244eleve@mail.com',1,0,NULL,'6 E',4,'Eleve'),(292,'202cb962ac59075b964b07152d234b70','IIS','Enya','0245eleve@mail.com',1,0,NULL,'7 E',4,'Eleve'),(293,'202cb962ac59075b964b07152d234b70','IJIIRO','Enzo','0246eleve@mail.com',1,0,NULL,'4 B',4,'Eleve'),(294,'202cb962ac59075b964b07152d234b70','IL','Enzo','0247eleve@mail.com',1,0,NULL,'5 D',4,'Eleve'),(295,'202cb962ac59075b964b07152d234b70','ILHIEN','Enzo','0248eleve@mail.com',1,0,NULL,'5 E',4,'Eleve'),(296,'202cb962ac59075b964b07152d234b70','ILHO TIIXIIRE','Enzo','0249eleve@mail.com',1,0,NULL,'3 E',4,'Eleve'),(297,'202cb962ac59075b964b07152d234b70','ILHO TIIXIIRE','Enzo','0250eleve@mail.com',1,0,NULL,'4 D',4,'Eleve'),(298,'202cb962ac59075b964b07152d234b70','ILI','Enzo','0251eleve@mail.com',1,0,NULL,'6 C',4,'Eleve'),(299,'202cb962ac59075b964b07152d234b70','ILIPPI','Eric','0252eleve@mail.com',1,0,NULL,'3 E',4,'Eleve'),(300,'202cb962ac59075b964b07152d234b70','ILIT','Esteban','0253eleve@mail.com',1,0,NULL,'5 C',4,'Eleve'),(301,'202cb962ac59075b964b07152d234b70','ILLIOL','Esteban','0254eleve@mail.com',1,0,NULL,'5 F',4,'Eleve'),(302,'202cb962ac59075b964b07152d234b70','ILLIORET','Esteban','0255eleve@mail.com',1,0,NULL,'6 C',4,'Eleve'),(303,'202cb962ac59075b964b07152d234b70','ILLIT','Esteban','0256eleve@mail.com',1,0,NULL,'3 E',4,'Eleve'),(304,'202cb962ac59075b964b07152d234b70','ILLOT','Estelle','0257eleve@mail.com',1,0,NULL,'5 C',4,'Eleve'),(305,'202cb962ac59075b964b07152d234b70','ILSOO-KINKIL','Ethan','0258eleve@mail.com',1,0,NULL,'5 F',4,'Eleve'),(306,'202cb962ac59075b964b07152d234b70','IMERD','Eva','0259eleve@mail.com',1,0,NULL,'6 C',4,'Eleve'),(307,'202cb962ac59075b964b07152d234b70','IN','Eva','0260eleve@mail.com',1,0,NULL,'3 E',4,'Eleve'),(308,'202cb962ac59075b964b07152d234b70','IN','Eva','0261eleve@mail.com',1,0,NULL,'5 C',4,'Eleve'),(309,'202cb962ac59075b964b07152d234b70','INC','Evan','0262eleve@mail.com',1,0,NULL,'5 F',4,'Eleve'),(310,'202cb962ac59075b964b07152d234b70','INEODII','Evan','0263eleve@mail.com',1,0,NULL,'3 L',4,'Eleve'),(311,'202cb962ac59075b964b07152d234b70','INTI','Ewen','0264eleve@mail.com',1,0,NULL,'3A',4,'Eleve'),(312,'202cb962ac59075b964b07152d234b70','INT-ISTIBIN','Fabien','0265eleve@mail.com',1,0,NULL,'6 F',4,'Eleve'),(313,'202cb962ac59075b964b07152d234b70','INT-JIEN','Fallougalasse','0266eleve@mail.com',1,0,NULL,'6 C',4,'Eleve'),(314,'202cb962ac59075b964b07152d234b70','IOIL-CEROSO','Fanette','0267eleve@mail.com',1,0,NULL,'3 E',4,'Eleve'),(315,'202cb962ac59075b964b07152d234b70','IOLLIT','Fanny','0268eleve@mail.com',1,0,NULL,'5 C',4,'Eleve'),(316,'202cb962ac59075b964b07152d234b70','IOORT','Fanny','0269eleve@mail.com',1,0,NULL,'5 F',4,'Eleve'),(317,'202cb962ac59075b964b07152d234b70','IOSNI','Fariss','0270eleve@mail.com',1,0,NULL,'5 F',4,'Eleve'),(318,'202cb962ac59075b964b07152d234b70','IPHEN','Faustine','0271eleve@mail.com',1,0,NULL,'5 B',4,'Eleve'),(319,'202cb962ac59075b964b07152d234b70','IPHEN','Faustine','0272eleve@mail.com',1,0,NULL,'5 F',4,'Eleve'),(320,'202cb962ac59075b964b07152d234b70','IPLO','Fausto','0273eleve@mail.com',1,0,NULL,'6 C',4,'Eleve'),(321,'202cb962ac59075b964b07152d234b70','IPLO','Félix','0274eleve@mail.com',1,0,NULL,'3 E',4,'Eleve'),(322,'202cb962ac59075b964b07152d234b70','IR','Flavio','0275eleve@mail.com',1,0,NULL,'5 C',4,'Eleve'),(323,'202cb962ac59075b964b07152d234b70','IRC','Fleur','0276eleve@mail.com',1,0,NULL,'5 F',4,'Eleve'),(324,'202cb962ac59075b964b07152d234b70','IRE','Fleur','0277eleve@mail.com',1,0,NULL,'5 G',4,'Eleve'),(325,'202cb962ac59075b964b07152d234b70','IRET','Florian','0278eleve@mail.com',1,0,NULL,'6 E',4,'Eleve'),(326,'202cb962ac59075b964b07152d234b70','IRIEOD','Florian','0279eleve@mail.com',1,0,NULL,'6 L',4,'Eleve'),(327,'202cb962ac59075b964b07152d234b70','IRIFI','François','0280eleve@mail.com',1,0,NULL,'6 L',4,'Eleve'),(328,'202cb962ac59075b964b07152d234b70','IRIIR','Fulbert','0281eleve@mail.com',1,0,NULL,'6 L',4,'Eleve'),(329,'202cb962ac59075b964b07152d234b70','IRIT','Fyona','0282eleve@mail.com',1,0,NULL,'6 L',4,'Eleve'),(330,'202cb962ac59075b964b07152d234b70','IRITT','Gabi','0283eleve@mail.com',1,0,NULL,'5 G',4,'Eleve'),(331,'202cb962ac59075b964b07152d234b70','IRMITI','Gabin','0284eleve@mail.com',1,0,NULL,'5 G',4,'Eleve'),(332,'202cb962ac59075b964b07152d234b70','IRNY','Gabriel','0285eleve@mail.com',1,0,NULL,'6 B',4,'Eleve'),(333,'202cb962ac59075b964b07152d234b70','IRON','Gabriel','0286eleve@mail.com',1,0,NULL,'4 B',4,'Eleve'),(334,'202cb962ac59075b964b07152d234b70','IRRET','Gaëlle','0287eleve@mail.com',1,0,NULL,'6 C',4,'Eleve'),(335,'202cb962ac59075b964b07152d234b70','IRRI','Gaiane','0288eleve@mail.com',1,0,NULL,'3 E',4,'Eleve'),(336,'202cb962ac59075b964b07152d234b70','IS','Gaizka','0289eleve@mail.com',1,0,NULL,'5 C',4,'Eleve'),(337,'202cb962ac59075b964b07152d234b70','ISCIONI','Gianni','0290eleve@mail.com',1,0,NULL,'5 F',4,'Eleve'),(338,'202cb962ac59075b964b07152d234b70','ISEC','Gibril','0291eleve@mail.com',1,0,NULL,'4 B',4,'Eleve'),(339,'202cb962ac59075b964b07152d234b70','ISLETI','Grace','0292eleve@mail.com',1,0,NULL,'3 F',4,'Eleve'),(340,'202cb962ac59075b964b07152d234b70','ISLETI','Guilain','0293eleve@mail.com',1,0,NULL,'4 B',4,'Eleve'),(341,'202cb962ac59075b964b07152d234b70','ISSIIRI','Guillaume','0294eleve@mail.com',1,0,NULL,'5 E',4,'Eleve'),(342,'202cb962ac59075b964b07152d234b70','IST','Guillaume','0295eleve@mail.com',1,0,NULL,'4 E',4,'Eleve'),(343,'202cb962ac59075b964b07152d234b70','ISTIRRINE','Gwenn-Zumaia','0296eleve@mail.com',1,0,NULL,'3 C',4,'Eleve'),(344,'202cb962ac59075b964b07152d234b70','ISTOY ELPHE','Haize','0297eleve@mail.com',1,0,NULL,'6 F',4,'Eleve'),(345,'202cb962ac59075b964b07152d234b70','IT','Haize','0298eleve@mail.com',1,0,NULL,'4 E',4,'Eleve'),(346,'202cb962ac59075b964b07152d234b70','IT','Haizea','0299eleve@mail.com',1,0,NULL,'6 B',4,'Eleve'),(347,'202cb962ac59075b964b07152d234b70','ITOON-SEINSERD','Harson Prima','0300eleve@mail.com',1,0,NULL,'6 F',4,'Eleve'),(348,'202cb962ac59075b964b07152d234b70','IT-REYNEL','Hassina','0301eleve@mail.com',1,0,NULL,'6 C',4,'Eleve'),(349,'202cb962ac59075b964b07152d234b70','IT-REYNEL','Henry','0302eleve@mail.com',1,0,NULL,'3 E',4,'Eleve'),(350,'202cb962ac59075b964b07152d234b70','ITTI','Hilal','0303eleve@mail.com',1,0,NULL,'5 C',4,'Eleve'),(351,'202cb962ac59075b964b07152d234b70','ITTIS','Hinaé','0304eleve@mail.com',1,0,NULL,'5 F',4,'Eleve'),(352,'202cb962ac59075b964b07152d234b70','ITZ','Hugo','0305eleve@mail.com',1,0,NULL,'3 L',4,'Eleve'),(353,'202cb962ac59075b964b07152d234b70','IX','Hugo','0306eleve@mail.com',1,0,NULL,'3A',4,'Eleve'),(354,'202cb962ac59075b964b07152d234b70','IYI','Hugo','0307eleve@mail.com',1,0,NULL,'6 C',4,'Eleve'),(355,'202cb962ac59075b964b07152d234b70','IZE','Hugo','0308eleve@mail.com',1,0,NULL,'3 E',4,'Eleve'),(356,'202cb962ac59075b964b07152d234b70','IZEL','Hugo','0309eleve@mail.com',1,0,NULL,'5 C',4,'Eleve'),(357,'202cb962ac59075b964b07152d234b70','IZILIN','Hugo','0310eleve@mail.com',1,0,NULL,'5 F',4,'Eleve'),(358,'202cb962ac59075b964b07152d234b70','IZON DI LEMOTTI DI RIGIS','Hugo','0311eleve@mail.com',1,0,NULL,'5 G',4,'Eleve'),(359,'202cb962ac59075b964b07152d234b70','JELI','Hugo','0312eleve@mail.com',1,0,NULL,'3G',4,'Eleve'),(360,'202cb962ac59075b964b07152d234b70','JJOOM OLLIVIIR','Iban','0313eleve@mail.com',1,0,NULL,'6 E',4,'Eleve'),(361,'202cb962ac59075b964b07152d234b70','JOL','Iban','0314eleve@mail.com',1,0,NULL,'4 E',4,'Eleve'),(362,'202cb962ac59075b964b07152d234b70','JOOS','Iban','0315eleve@mail.com',1,0,NULL,'6 C',4,'Eleve'),(363,'202cb962ac59075b964b07152d234b70','JOS','Iban','0316eleve@mail.com',1,0,NULL,'5 B',4,'Eleve'),(364,'202cb962ac59075b964b07152d234b70','KOTOERISON','Iban','0317eleve@mail.com',1,0,NULL,'5 G',4,'Eleve'),(365,'202cb962ac59075b964b07152d234b70','L CESON','Iban','0318eleve@mail.com',1,0,NULL,'6 E',4,'Eleve'),(366,'202cb962ac59075b964b07152d234b70','L PREDO','Iban','0319eleve@mail.com',1,0,NULL,'5 G',4,'Eleve'),(367,'202cb962ac59075b964b07152d234b70','LBIRT','Idoia','0320eleve@mail.com',1,0,NULL,'4 C',4,'Eleve'),(368,'202cb962ac59075b964b07152d234b70','LCIO','Iena','0321eleve@mail.com',1,0,NULL,'6 C',4,'Eleve'),(369,'202cb962ac59075b964b07152d234b70','LDOMBIDI','Ilana','0322eleve@mail.com',1,0,NULL,'3 E',4,'Eleve'),(370,'202cb962ac59075b964b07152d234b70','LECHOV','Ileana','0323eleve@mail.com',1,0,NULL,'5 C',4,'Eleve'),(371,'202cb962ac59075b964b07152d234b70','LED BILKECIM','Ilian','0324eleve@mail.com',1,0,NULL,'5 F',4,'Eleve'),(372,'202cb962ac59075b964b07152d234b70','LEHEIS','Illan','0325eleve@mail.com',1,0,NULL,'5 D',4,'Eleve'),(373,'202cb962ac59075b964b07152d234b70','LEM','Ilona','0326eleve@mail.com',1,0,NULL,'6 C',4,'Eleve'),(374,'202cb962ac59075b964b07152d234b70','LENDO','Ilona','0327eleve@mail.com',1,0,NULL,'3 E',4,'Eleve'),(375,'202cb962ac59075b964b07152d234b70','LENDO','Ilona','0328eleve@mail.com',1,0,NULL,'5 C',4,'Eleve'),(376,'202cb962ac59075b964b07152d234b70','LENDO','Ilona','0329eleve@mail.com',1,0,NULL,'5 F',4,'Eleve'),(377,'202cb962ac59075b964b07152d234b70','LENOI','Ilyas','0330eleve@mail.com',1,0,NULL,'3 D',4,'Eleve'),(378,'202cb962ac59075b964b07152d234b70','LENOI','Imanol','0331eleve@mail.com',1,0,NULL,'4 E',4,'Eleve'),(379,'202cb962ac59075b964b07152d234b70','LEORINT','Imanol','0332eleve@mail.com',1,0,NULL,'6 F',4,'Eleve'),(380,'202cb962ac59075b964b07152d234b70','LEVOLTI','Inaki','0333eleve@mail.com',1,0,NULL,'3 E',4,'Eleve'),(381,'202cb962ac59075b964b07152d234b70','LEYE','Inès','0334eleve@mail.com',1,0,NULL,'4 L',4,'Eleve'),(382,'202cb962ac59075b964b07152d234b70','LIFFI','Inès','0335eleve@mail.com',1,0,NULL,'5 G',4,'Eleve'),(383,'202cb962ac59075b964b07152d234b70','LIINNI','Inès','0336eleve@mail.com',1,0,NULL,'3 B',4,'Eleve'),(384,'202cb962ac59075b964b07152d234b70','LIME EMEREL','Inès','0337eleve@mail.com',1,0,NULL,'5 B',4,'Eleve'),(385,'202cb962ac59075b964b07152d234b70','LIME EMEREL','Inès','0338eleve@mail.com',1,0,NULL,'4 E',4,'Eleve'),(386,'202cb962ac59075b964b07152d234b70','LIO--MONSIGNE','Inès','0339eleve@mail.com',1,0,NULL,'5 C',4,'Eleve'),(387,'202cb962ac59075b964b07152d234b70','LIORINCI','Inès','0340eleve@mail.com',1,0,NULL,'3 C',4,'Eleve'),(388,'202cb962ac59075b964b07152d234b70','LIRIIR MINDY','Inès','0341eleve@mail.com',1,0,NULL,'5 D',4,'Eleve'),(389,'202cb962ac59075b964b07152d234b70','LIT','Inko','0342eleve@mail.com',1,0,NULL,'5 D',4,'Eleve'),(390,'202cb962ac59075b964b07152d234b70','LIT','Isabelle','0343eleve@mail.com',1,0,NULL,'3G',4,'Eleve'),(391,'202cb962ac59075b964b07152d234b70','LIVIT','Isinda','0344eleve@mail.com',1,0,NULL,'3 D',4,'Eleve'),(392,'202cb962ac59075b964b07152d234b70','L-KEDI','Ismât','0345eleve@mail.com',1,0,NULL,'6 D',4,'Eleve'),(393,'202cb962ac59075b964b07152d234b70','L-KEDI','Jade','0346eleve@mail.com',1,0,NULL,'3A',4,'Eleve'),(394,'202cb962ac59075b964b07152d234b70','LL','Jade','0347eleve@mail.com',1,0,NULL,'5 E',4,'Eleve'),(395,'202cb962ac59075b964b07152d234b70','LLEBIRRY','Jade','0348eleve@mail.com',1,0,NULL,'5 G',4,'Eleve'),(396,'202cb962ac59075b964b07152d234b70','LLEND','Jayson','0349eleve@mail.com',1,0,NULL,'4 C',4,'Eleve'),(397,'202cb962ac59075b964b07152d234b70','LLIBIRT','Jeanne','0350eleve@mail.com',1,0,NULL,'5 B',4,'Eleve'),(398,'202cb962ac59075b964b07152d234b70','LLIENO','Jeanne','0351eleve@mail.com',1,0,NULL,'4 L',4,'Eleve'),(399,'202cb962ac59075b964b07152d234b70','LLIGRY','Jeanne','0352eleve@mail.com',1,0,NULL,'5 F',4,'Eleve'),(400,'202cb962ac59075b964b07152d234b70','LLINOOS','Jeanne','0353eleve@mail.com',1,0,NULL,'4 L',4,'Eleve'),(401,'202cb962ac59075b964b07152d234b70','LLIR','Jeanne','0354eleve@mail.com',1,0,NULL,'3 E',4,'Eleve'),(402,'202cb962ac59075b964b07152d234b70','LLIR','Jeanne','0355eleve@mail.com',1,0,NULL,'3 E',4,'Eleve'),(403,'202cb962ac59075b964b07152d234b70','LLIS','Jeanne-Elise','0356eleve@mail.com',1,0,NULL,'5 D',4,'Eleve'),(404,'202cb962ac59075b964b07152d234b70','LLIS-MEZOO','Jérémie','0357eleve@mail.com',1,0,NULL,'6 D',4,'Eleve'),(405,'202cb962ac59075b964b07152d234b70','LLIT LERROQOI','Jihel','0358eleve@mail.com',1,0,NULL,'5 B',4,'Eleve'),(406,'202cb962ac59075b964b07152d234b70','LLITIIR DI CHEMBORI','Joana','0359eleve@mail.com',1,0,NULL,'4 B',4,'Eleve'),(407,'202cb962ac59075b964b07152d234b70','LLIT--LEMBIRT','Joaquim','0360eleve@mail.com',1,0,NULL,'5 E',4,'Eleve'),(408,'202cb962ac59075b964b07152d234b70','LLOLIS','Johane','0361eleve@mail.com',1,0,NULL,'3G',4,'Eleve'),(409,'202cb962ac59075b964b07152d234b70','LLON','Johane','0362eleve@mail.com',1,0,NULL,'5 C',4,'Eleve'),(410,'202cb962ac59075b964b07152d234b70','LLON-CHOOKROON','Jokin','0363eleve@mail.com',1,0,NULL,'6 D',4,'Eleve'),(411,'202cb962ac59075b964b07152d234b70','LLOT','Jon','0364eleve@mail.com',1,0,NULL,'6 D',4,'Eleve'),(412,'202cb962ac59075b964b07152d234b70','LLOTIN','Jon','0365eleve@mail.com',1,0,NULL,'3G',4,'Eleve'),(413,'202cb962ac59075b964b07152d234b70','LMES','Jon','0366eleve@mail.com',1,0,NULL,'6 C',4,'Eleve'),(414,'202cb962ac59075b964b07152d234b70','LMIYDE - SOERIS','Jon','0367eleve@mail.com',1,0,NULL,'4 E',4,'Eleve'),(415,'202cb962ac59075b964b07152d234b70','LMIYDE - SOERIS','Jordan','0368eleve@mail.com',1,0,NULL,'3 B',4,'Eleve'),(416,'202cb962ac59075b964b07152d234b70','LOI','Jordan','0369eleve@mail.com',1,0,NULL,'3 B',4,'Eleve'),(417,'202cb962ac59075b964b07152d234b70','LOI','Joséphine','0370eleve@mail.com',1,0,NULL,'3 B',4,'Eleve'),(418,'202cb962ac59075b964b07152d234b70','LOOERD','Judy','0371eleve@mail.com',1,0,NULL,'6 D',4,'Eleve'),(419,'202cb962ac59075b964b07152d234b70','LOT','Julen','0372eleve@mail.com',1,0,NULL,'5 G',4,'Eleve'),(420,'202cb962ac59075b964b07152d234b70','LOT','Julen','0373eleve@mail.com',1,0,NULL,'6 D',4,'Eleve'),(421,'202cb962ac59075b964b07152d234b70','LTEN','Julen','0374eleve@mail.com',1,0,NULL,'5 C',4,'Eleve'),(422,'202cb962ac59075b964b07152d234b70','LVE','Julen','0375eleve@mail.com',1,0,NULL,'4 C',4,'Eleve'),(423,'202cb962ac59075b964b07152d234b70','LVE','Jules','0376eleve@mail.com',1,0,NULL,'6 D',4,'Eleve'),(424,'202cb962ac59075b964b07152d234b70','MBI','Jules','0377eleve@mail.com',1,0,NULL,'4 G',4,'Eleve'),(425,'202cb962ac59075b964b07152d234b70','MBIS','Jules','0378eleve@mail.com',1,0,NULL,'5 F',4,'Eleve'),(426,'202cb962ac59075b964b07152d234b70','MBIS','Jules','0379eleve@mail.com',1,0,NULL,'4 G',4,'Eleve'),(427,'202cb962ac59075b964b07152d234b70','MBIYI','Jùlia','0380eleve@mail.com',1,0,NULL,'5 D',4,'Eleve'),(428,'202cb962ac59075b964b07152d234b70','MBON','Julie','0381eleve@mail.com',1,0,NULL,'5 F',4,'Eleve'),(429,'202cb962ac59075b964b07152d234b70','MEDNE-DE CONHE','Julie','0382eleve@mail.com',1,0,NULL,'6 B',4,'Eleve'),(430,'202cb962ac59075b964b07152d234b70','MEGNOLI','Julie','0383eleve@mail.com',1,0,NULL,'6 D',4,'Eleve'),(431,'202cb962ac59075b964b07152d234b70','MEISON','Julie','0384eleve@mail.com',1,0,NULL,'4 D',4,'Eleve'),(432,'202cb962ac59075b964b07152d234b70','MEISON','Julien','0385eleve@mail.com',1,0,NULL,'4 F',4,'Eleve'),(433,'202cb962ac59075b964b07152d234b70','MEN','Julien','0386eleve@mail.com',1,0,NULL,'4 G',4,'Eleve'),(434,'202cb962ac59075b964b07152d234b70','MENT','Juliette','0387eleve@mail.com',1,0,NULL,'3 L',4,'Eleve'),(435,'202cb962ac59075b964b07152d234b70','MERT','Juliette','0388eleve@mail.com',1,0,NULL,'5 C',4,'Eleve'),(436,'202cb962ac59075b964b07152d234b70','MERT','Juliette','0389eleve@mail.com',1,0,NULL,'6 D',4,'Eleve'),(437,'202cb962ac59075b964b07152d234b70','MIE','Justine','0390eleve@mail.com',1,0,NULL,'3 E',4,'Eleve'),(438,'202cb962ac59075b964b07152d234b70','MIEDI','Justine','0391eleve@mail.com',1,0,NULL,'6 D',4,'Eleve'),(439,'202cb962ac59075b964b07152d234b70','MIIO-IBIRHERDT','Kaina','0392eleve@mail.com',1,0,NULL,'5 E',4,'Eleve'),(440,'202cb962ac59075b964b07152d234b70','MIL','Karim','0393eleve@mail.com',1,0,NULL,'5 E',4,'Eleve'),(441,'202cb962ac59075b964b07152d234b70','MIL DIROOINIEO','Ken','0394eleve@mail.com',1,0,NULL,'6 F',4,'Eleve'),(442,'202cb962ac59075b964b07152d234b70','MINGOIS','Kengy','0395eleve@mail.com',1,0,NULL,'5 D',4,'Eleve'),(443,'202cb962ac59075b964b07152d234b70','MINIS','Kenya','0396eleve@mail.com',1,0,NULL,'5 G',4,'Eleve'),(444,'202cb962ac59075b964b07152d234b70','MIRINX','Kenza','0397eleve@mail.com',1,0,NULL,'5 L',4,'Eleve'),(445,'202cb962ac59075b964b07152d234b70','MIRINX','Kepa','0398eleve@mail.com',1,0,NULL,'6 D',4,'Eleve'),(446,'202cb962ac59075b964b07152d234b70','MISTOY','Kepa','0399eleve@mail.com',1,0,NULL,'5 G',4,'Eleve'),(447,'202cb962ac59075b964b07152d234b70','MIY','Kepa','0400eleve@mail.com',1,0,NULL,'4 F',4,'Eleve'),(448,'202cb962ac59075b964b07152d234b70','MMI','Kéryan','0401eleve@mail.com',1,0,NULL,'6 E',4,'Eleve'),(449,'202cb962ac59075b964b07152d234b70','MMICHI-LEROCHITTI','Kevin','0402eleve@mail.com',1,0,NULL,'4 F',4,'Eleve'),(450,'202cb962ac59075b964b07152d234b70','MMIRT','Kevin','0403eleve@mail.com',1,0,NULL,'4 D',4,'Eleve'),(451,'202cb962ac59075b964b07152d234b70','MMOND','Kévin','0404eleve@mail.com',1,0,NULL,'5 E',4,'Eleve'),(452,'202cb962ac59075b964b07152d234b70','MMOND','Khadija','0405eleve@mail.com',1,0,NULL,'6 D',4,'Eleve'),(453,'202cb962ac59075b964b07152d234b70','MMOO','Kilian','0406eleve@mail.com',1,0,NULL,'6 E',4,'Eleve'),(454,'202cb962ac59075b964b07152d234b70','MON','Killian','0407eleve@mail.com',1,0,NULL,'6 D',4,'Eleve'),(455,'202cb962ac59075b964b07152d234b70','MONRIDON','Killian','0408eleve@mail.com',1,0,NULL,'6 D',4,'Eleve'),(456,'202cb962ac59075b964b07152d234b70','MONRIDON','Killian','0409eleve@mail.com',1,0,NULL,'6 D',4,'Eleve'),(457,'202cb962ac59075b964b07152d234b70','MONT','Kilyan','0410eleve@mail.com',1,0,NULL,'6 D',4,'Eleve'),(458,'202cb962ac59075b964b07152d234b70','MOS','Kylian','0411eleve@mail.com',1,0,NULL,'6 D',4,'Eleve'),(459,'202cb962ac59075b964b07152d234b70','MOTHI','Kylian','0412eleve@mail.com',1,0,NULL,'4 D',4,'Eleve'),(460,'202cb962ac59075b964b07152d234b70','MOTHI','Kylian','0413eleve@mail.com',1,0,NULL,'4 F',4,'Eleve'),(461,'202cb962ac59075b964b07152d234b70','MOTI','Kyliann','0414eleve@mail.com',1,0,NULL,'6 F',4,'Eleve'),(462,'202cb962ac59075b964b07152d234b70','MPEGNOLLI','Kylie','0415eleve@mail.com',1,0,NULL,'4 G',4,'Eleve'),(463,'202cb962ac59075b964b07152d234b70','MPEIGNON DI MERCHIVILLI','Laida','0416eleve@mail.com',1,0,NULL,'6 B',4,'Eleve'),(464,'202cb962ac59075b964b07152d234b70','MPIOL','Lara','0417eleve@mail.com',1,0,NULL,'6 D',4,'Eleve'),(465,'202cb962ac59075b964b07152d234b70','MPLIIR','Laura','0418eleve@mail.com',1,0,NULL,'3 C',4,'Eleve'),(466,'202cb962ac59075b964b07152d234b70','MPLIIR','Lauréna','0419eleve@mail.com',1,0,NULL,'4 F',4,'Eleve'),(467,'202cb962ac59075b964b07152d234b70','N IMITIRIO','Lea','0420eleve@mail.com',1,0,NULL,'6 D',4,'Eleve'),(468,'202cb962ac59075b964b07152d234b70','N JOEN','Léa','0421eleve@mail.com',1,0,NULL,'3 D',4,'Eleve'),(469,'202cb962ac59075b964b07152d234b70','NCELVIS','Léa','0422eleve@mail.com',1,0,NULL,'6 D',4,'Eleve'),(470,'202cb962ac59075b964b07152d234b70','NCHIZ','Léa','0423eleve@mail.com',1,0,NULL,'5 F',4,'Eleve'),(471,'202cb962ac59075b964b07152d234b70','NCHIZ','Léa','0424eleve@mail.com',1,0,NULL,'3 E',4,'Eleve'),(472,'202cb962ac59075b964b07152d234b70','NCHIZ','Léa','0425eleve@mail.com',1,0,NULL,'3G',4,'Eleve'),(473,'202cb962ac59075b964b07152d234b70','NCHOO','Léa','0426eleve@mail.com',1,0,NULL,'6 D',4,'Eleve'),(474,'202cb962ac59075b964b07152d234b70','NCHOO','Léa','0427eleve@mail.com',1,0,NULL,'4 G',4,'Eleve'),(475,'202cb962ac59075b964b07152d234b70','NCHOO','Léa','0428eleve@mail.com',1,0,NULL,'6 D',4,'Eleve'),(476,'202cb962ac59075b964b07152d234b70','NCILIT','Léa','0429eleve@mail.com',1,0,NULL,'3 L',4,'Eleve'),(477,'202cb962ac59075b964b07152d234b70','NCILLES MECIE','Léa','0430eleve@mail.com',1,0,NULL,'5 D',4,'Eleve'),(478,'202cb962ac59075b964b07152d234b70','NCI-TORINO','Léa','0431eleve@mail.com',1,0,NULL,'5 G',4,'Eleve'),(479,'202cb962ac59075b964b07152d234b70','NDEO','Leila','0432eleve@mail.com',1,0,NULL,'4 D',4,'Eleve'),(480,'202cb962ac59075b964b07152d234b70','NDIBOORI','Lena','0433eleve@mail.com',1,0,NULL,'5 G',4,'Eleve'),(481,'202cb962ac59075b964b07152d234b70','NDIIIG','Lena','0434eleve@mail.com',1,0,NULL,'3G',4,'Eleve'),(482,'202cb962ac59075b964b07152d234b70','NDIRSON','Léna','0435eleve@mail.com',1,0,NULL,'5 D',4,'Eleve'),(483,'202cb962ac59075b964b07152d234b70','NDIRSON','Léna','0436eleve@mail.com',1,0,NULL,'6 F',4,'Eleve'),(484,'202cb962ac59075b964b07152d234b70','NDIS','Lenny','0437eleve@mail.com',1,0,NULL,'4 G',4,'Eleve'),(485,'202cb962ac59075b964b07152d234b70','NDIS','Lenny','0438eleve@mail.com',1,0,NULL,'4 B',4,'Eleve'),(486,'202cb962ac59075b964b07152d234b70','NDONNIT','Leny','0439eleve@mail.com',1,0,NULL,'5 G',4,'Eleve'),(487,'202cb962ac59075b964b07152d234b70','NDOYE','Leo','0440eleve@mail.com',1,0,NULL,'6 D',4,'Eleve'),(488,'202cb962ac59075b964b07152d234b70','NDRII','Leo','0441eleve@mail.com',1,0,NULL,'4 D',4,'Eleve'),(489,'202cb962ac59075b964b07152d234b70','NDRII','Léo','0442eleve@mail.com',1,0,NULL,'6 B',4,'Eleve'),(490,'202cb962ac59075b964b07152d234b70','NDY-VIDEL','Léo','0443eleve@mail.com',1,0,NULL,'6 B',4,'Eleve'),(491,'202cb962ac59075b964b07152d234b70','NEOD','Léo','0444eleve@mail.com',1,0,NULL,'3 F',4,'Eleve'),(492,'202cb962ac59075b964b07152d234b70','NEOLT','Léonor','0445eleve@mail.com',1,0,NULL,'3 F',4,'Eleve'),(493,'202cb962ac59075b964b07152d234b70','NEOLT','Lexanne','0446eleve@mail.com',1,0,NULL,'3 F',4,'Eleve'),(494,'202cb962ac59075b964b07152d234b70','NEOLT','Liam','0447eleve@mail.com',1,0,NULL,'3 C',4,'Eleve'),(495,'202cb962ac59075b964b07152d234b70','NEOOI BINHOOCHEMI','Lili','0448eleve@mail.com',1,0,NULL,'6 E',4,'Eleve'),(496,'202cb962ac59075b964b07152d234b70','NERFE','Lili','0449eleve@mail.com',1,0,NULL,'3 D',4,'Eleve'),(497,'202cb962ac59075b964b07152d234b70','NG','Lili','0450eleve@mail.com',1,0,NULL,'6 C',4,'Eleve'),(498,'202cb962ac59075b964b07152d234b70','NGIR','Lilian','0451eleve@mail.com',1,0,NULL,'3 E',4,'Eleve'),(499,'202cb962ac59075b964b07152d234b70','NGOIT','Lilie','0452eleve@mail.com',1,0,NULL,'5 E',4,'Eleve'),(500,'202cb962ac59075b964b07152d234b70','NGORE','Lilo','0453eleve@mail.com',1,0,NULL,'4 C',4,'Eleve'),(501,'202cb962ac59075b964b07152d234b70','NHOMMI','Lilou','0454eleve@mail.com',1,0,NULL,'3 E',4,'Eleve'),(502,'202cb962ac59075b964b07152d234b70','NI','Lilou','0455eleve@mail.com',1,0,NULL,'3 F',4,'Eleve'),(503,'202cb962ac59075b964b07152d234b70','NIEOX','Lilou','0456eleve@mail.com',1,0,NULL,'3 E',4,'Eleve'),(504,'202cb962ac59075b964b07152d234b70','NINI','Lisa','0457eleve@mail.com',1,0,NULL,'6 C',4,'Eleve'),(505,'202cb962ac59075b964b07152d234b70','NITTI','Lisa','0458eleve@mail.com',1,0,NULL,'4 C',4,'Eleve'),(506,'202cb962ac59075b964b07152d234b70','NITTI','Lisa','0459eleve@mail.com',1,0,NULL,'5 C',4,'Eleve'),(507,'202cb962ac59075b964b07152d234b70','NIZ','Lisian','0460eleve@mail.com',1,0,NULL,'4 G',4,'Eleve'),(508,'202cb962ac59075b964b07152d234b70','NMIBERIK','Loan','0461eleve@mail.com',1,0,NULL,'5 B',4,'Eleve'),(509,'202cb962ac59075b964b07152d234b70','NNI- HEDIDI','Lola','0462eleve@mail.com',1,0,NULL,'4 C',4,'Eleve'),(510,'202cb962ac59075b964b07152d234b70','NNI-HEDIDI','Lola','0463eleve@mail.com',1,0,NULL,'5 B',4,'Eleve'),(511,'202cb962ac59075b964b07152d234b70','NNIIR','Lola','0464eleve@mail.com',1,0,NULL,'6 D',4,'Eleve'),(512,'202cb962ac59075b964b07152d234b70','NNIIR','Lola','0465eleve@mail.com',1,0,NULL,'3 E',4,'Eleve'),(513,'202cb962ac59075b964b07152d234b70','NNIMEISON','Lola','0466eleve@mail.com',1,0,NULL,'6 D',4,'Eleve'),(514,'202cb962ac59075b964b07152d234b70','NNOON','Lola','0467eleve@mail.com',1,0,NULL,'6 D',4,'Eleve'),(515,'202cb962ac59075b964b07152d234b70','NO','Lola','0468eleve@mail.com',1,0,NULL,'4 E',4,'Eleve'),(516,'202cb962ac59075b964b07152d234b70','NO','Lola','0469eleve@mail.com',1,0,NULL,'5 F',4,'Eleve'),(517,'202cb962ac59075b964b07152d234b70','NOKYEN','Lore','0470eleve@mail.com',1,0,NULL,'6 C',4,'Eleve'),(518,'202cb962ac59075b964b07152d234b70','NOT','Loréa','0471eleve@mail.com',1,0,NULL,'6 D',4,'Eleve'),(519,'202cb962ac59075b964b07152d234b70','NQOIT','Lorelei','0472eleve@mail.com',1,0,NULL,'5 G',4,'Eleve'),(520,'202cb962ac59075b964b07152d234b70','NQOIT','Lorenzo','0473eleve@mail.com',1,0,NULL,'3 F',4,'Eleve'),(521,'202cb962ac59075b964b07152d234b70','NQOIT','Lorenzo','0474eleve@mail.com',1,0,NULL,'3 E',4,'Eleve'),(522,'202cb962ac59075b964b07152d234b70','NRI','Lou','0475eleve@mail.com',1,0,NULL,'3A',4,'Eleve'),(523,'202cb962ac59075b964b07152d234b70','NRY','Louis','0476eleve@mail.com',1,0,NULL,'4 E',4,'Eleve'),(524,'202cb962ac59075b964b07152d234b70','NSBIRRO','Louis','0477eleve@mail.com',1,0,NULL,'4 F',4,'Eleve'),(525,'202cb962ac59075b964b07152d234b70','NSEDI','Louis','0478eleve@mail.com',1,0,NULL,'4 E',4,'Eleve'),(526,'202cb962ac59075b964b07152d234b70','NSEDI','Louis','0479eleve@mail.com',1,0,NULL,'3A',4,'Eleve'),(527,'202cb962ac59075b964b07152d234b70','NSEEDE','Louise','0480eleve@mail.com',1,0,NULL,'5 D',4,'Eleve'),(528,'202cb962ac59075b964b07152d234b70','NTEINI','Louise','0481eleve@mail.com',1,0,NULL,'4 E',4,'Eleve'),(529,'202cb962ac59075b964b07152d234b70','NTELIB','Louise','0482eleve@mail.com',1,0,NULL,'3 C',4,'Eleve'),(530,'202cb962ac59075b964b07152d234b70','NTELIBIT','Lucas','0483eleve@mail.com',1,0,NULL,'3 C',4,'Eleve'),(531,'202cb962ac59075b964b07152d234b70','NTEN','Lucas','0484eleve@mail.com',1,0,NULL,'5 E',4,'Eleve'),(532,'202cb962ac59075b964b07152d234b70','NTEOD','Lucas','0485eleve@mail.com',1,0,NULL,'6 B',4,'Eleve'),(533,'202cb962ac59075b964b07152d234b70','NTEOD','Lucas','0486eleve@mail.com',1,0,NULL,'6 D',4,'Eleve'),(534,'202cb962ac59075b964b07152d234b70','NTEOO','Lucie','0487eleve@mail.com',1,0,NULL,'6 B',4,'Eleve'),(535,'202cb962ac59075b964b07152d234b70','NTION','Lucie','0488eleve@mail.com',1,0,NULL,'4 G',4,'Eleve'),(536,'202cb962ac59075b964b07152d234b70','NTOO','Lucie','0489eleve@mail.com',1,0,NULL,'5 C',4,'Eleve'),(537,'202cb962ac59075b964b07152d234b70','NTOS COOTO','Lucie','0490eleve@mail.com',1,0,NULL,'6 B',4,'Eleve'),(538,'202cb962ac59075b964b07152d234b70','NZELIZ','Lucie','0491eleve@mail.com',1,0,NULL,'6 D',4,'Eleve'),(539,'202cb962ac59075b964b07152d234b70','NZIGIRS','Lucien','0492eleve@mail.com',1,0,NULL,'4 D',4,'Eleve'),(540,'202cb962ac59075b964b07152d234b70','NZO','Lucio','0493eleve@mail.com',1,0,NULL,'6 B',4,'Eleve'),(541,'202cb962ac59075b964b07152d234b70','NZO','Lucy','0494eleve@mail.com',1,0,NULL,'4 F',4,'Eleve'),(542,'202cb962ac59075b964b07152d234b70','NZOO-LISPINESSI','Lucy','0495eleve@mail.com',1,0,NULL,'6 D',4,'Eleve'),(543,'202cb962ac59075b964b07152d234b70','O','Ludovic','0496eleve@mail.com',1,0,NULL,'5 B',4,'Eleve'),(544,'202cb962ac59075b964b07152d234b70','O','Luis','0497eleve@mail.com',1,0,NULL,'4 B',4,'Eleve'),(545,'202cb962ac59075b964b07152d234b70','OBIRTII','Luke','0498eleve@mail.com',1,0,NULL,'6 D',4,'Eleve'),(546,'202cb962ac59075b964b07152d234b70','OBISTI','Luna','0499eleve@mail.com',1,0,NULL,'5 B',4,'Eleve'),(547,'202cb962ac59075b964b07152d234b70','OCH','Luna','0500eleve@mail.com',1,0,NULL,'4 C',4,'Eleve'),(548,'202cb962ac59075b964b07152d234b70','OCHI','Luna','0501eleve@mail.com',1,0,NULL,'5 C',4,'Eleve'),(549,'202cb962ac59075b964b07152d234b70','OCHI','Luna','0502eleve@mail.com',1,0,NULL,'6 C',4,'Eleve'),(550,'202cb962ac59075b964b07152d234b70','OCHIR','Luna','0503eleve@mail.com',1,0,NULL,'5 G',4,'Eleve'),(551,'202cb962ac59075b964b07152d234b70','OCHIT','Luna','0504eleve@mail.com',1,0,NULL,'3 E',4,'Eleve'),(552,'202cb962ac59075b964b07152d234b70','OCHY','Luna','0505eleve@mail.com',1,0,NULL,'5 D',4,'Eleve'),(553,'202cb962ac59075b964b07152d234b70','ODIBIRT RIVIRO','Lutxo','0506eleve@mail.com',1,0,NULL,'6 F',4,'Eleve'),(554,'202cb962ac59075b964b07152d234b70','ODIEF','Maé','0507eleve@mail.com',1,0,NULL,'3G',4,'Eleve'),(555,'202cb962ac59075b964b07152d234b70','ODIR','Maël','0508eleve@mail.com',1,0,NULL,'3A',4,'Eleve'),(556,'202cb962ac59075b964b07152d234b70','ODIT-TORQOEY','Maéline','0509eleve@mail.com',1,0,NULL,'6 E',4,'Eleve'),(557,'202cb962ac59075b964b07152d234b70','ODRY','Maëlla','0510eleve@mail.com',1,0,NULL,'5 G',4,'Eleve'),(558,'202cb962ac59075b964b07152d234b70','OERD','Maëlla','0511eleve@mail.com',1,0,NULL,'5 B',4,'Eleve'),(559,'202cb962ac59075b964b07152d234b70','OEZI--JOSTIDI','Maelys','0512eleve@mail.com',1,0,NULL,'5 B',4,'Eleve'),(560,'202cb962ac59075b964b07152d234b70','OFFOLO','Maeva','0513eleve@mail.com',1,0,NULL,'5 F',4,'Eleve'),(561,'202cb962ac59075b964b07152d234b70','OFFRENT','Maëva','0514eleve@mail.com',1,0,NULL,'3A',4,'Eleve'),(562,'202cb962ac59075b964b07152d234b70','OGLES','Maëva','0515eleve@mail.com',1,0,NULL,'5 L',4,'Eleve'),(563,'202cb962ac59075b964b07152d234b70','OGON','Maia','0516eleve@mail.com',1,0,NULL,'6 D',4,'Eleve'),(564,'202cb962ac59075b964b07152d234b70','OGON','Maia','0517eleve@mail.com',1,0,NULL,'5 F',4,'Eleve'),(565,'202cb962ac59075b964b07152d234b70','OGON','Maïa','0518eleve@mail.com',1,0,NULL,'5 G',4,'Eleve'),(566,'202cb962ac59075b964b07152d234b70','OGRINI','Maialen','0519eleve@mail.com',1,0,NULL,'3A',4,'Eleve'),(567,'202cb962ac59075b964b07152d234b70','OHERCI','Maïka','0520eleve@mail.com',1,0,NULL,'6 E',4,'Eleve'),(568,'202cb962ac59075b964b07152d234b70','OILLI','Maïka','0521eleve@mail.com',1,0,NULL,'5 L',4,'Eleve'),(569,'202cb962ac59075b964b07152d234b70','OILLIIR','Mailuxa','0522eleve@mail.com',1,0,NULL,'3 E',4,'Eleve'),(570,'202cb962ac59075b964b07152d234b70','OINI','Maïna','0523eleve@mail.com',1,0,NULL,'4 G',4,'Eleve'),(571,'202cb962ac59075b964b07152d234b70','OINNI','Maïna','0524eleve@mail.com',1,0,NULL,'4 G',4,'Eleve'),(572,'202cb962ac59075b964b07152d234b70','OIN--PION','Malla','0525eleve@mail.com',1,0,NULL,'3 D',4,'Eleve'),(573,'202cb962ac59075b964b07152d234b70','OIRRI--ITCHIPERI','Malo','0526eleve@mail.com',1,0,NULL,'3 C',4,'Eleve'),(574,'202cb962ac59075b964b07152d234b70','OISCE','Manon','0527eleve@mail.com',1,0,NULL,'5 L',4,'Eleve'),(575,'202cb962ac59075b964b07152d234b70','OJECQ','Manon','0528eleve@mail.com',1,0,NULL,'4 F',4,'Eleve'),(576,'202cb962ac59075b964b07152d234b70','OJELEL','Manon','0529eleve@mail.com',1,0,NULL,'6 E',4,'Eleve'),(577,'202cb962ac59075b964b07152d234b70','OKHIROOFE','Manon','0530eleve@mail.com',1,0,NULL,'6 B',4,'Eleve'),(578,'202cb962ac59075b964b07152d234b70','OL','Manon','0531eleve@mail.com',1,0,NULL,'4 F',4,'Eleve'),(579,'202cb962ac59075b964b07152d234b70','OLE','Manon','0532eleve@mail.com',1,0,NULL,'4 C',4,'Eleve'),(580,'202cb962ac59075b964b07152d234b70','OLIQOIN','Manon','0533eleve@mail.com',1,0,NULL,'5 G',4,'Eleve'),(581,'202cb962ac59075b964b07152d234b70','OLON','Manotea','0534eleve@mail.com',1,0,NULL,'6 D',4,'Eleve'),(582,'202cb962ac59075b964b07152d234b70','OLON','Manouchca','0535eleve@mail.com',1,0,NULL,'4 G',4,'Eleve'),(583,'202cb962ac59075b964b07152d234b70','OLSIN','Marat','0536eleve@mail.com',1,0,NULL,'4 G',4,'Eleve'),(584,'202cb962ac59075b964b07152d234b70','OM LERCIBEL','Margaux','0537eleve@mail.com',1,0,NULL,'6 C',4,'Eleve'),(585,'202cb962ac59075b964b07152d234b70','ON','Margaux','0538eleve@mail.com',1,0,NULL,'4 D',4,'Eleve'),(586,'202cb962ac59075b964b07152d234b70','ONICI','Margot','0539eleve@mail.com',1,0,NULL,'3 E',4,'Eleve'),(587,'202cb962ac59075b964b07152d234b70','ONICI','Margot','0540eleve@mail.com',1,0,NULL,'5 G',4,'Eleve'),(588,'202cb962ac59075b964b07152d234b70','ONZIS','Margot','0541eleve@mail.com',1,0,NULL,'3 F',4,'Eleve'),(589,'202cb962ac59075b964b07152d234b70','OODJOBI-SELOO','Marie','0542eleve@mail.com',1,0,NULL,'6 C',4,'Eleve'),(590,'202cb962ac59075b964b07152d234b70','OOEOORI-CEZIDISSOS','Marie','0543eleve@mail.com',1,0,NULL,'3 B',4,'Eleve'),(591,'202cb962ac59075b964b07152d234b70','OOERSENI','Marie','0544eleve@mail.com',1,0,NULL,'4 G',4,'Eleve'),(592,'202cb962ac59075b964b07152d234b70','OOERT','Marie','0545eleve@mail.com',1,0,NULL,'4 F',4,'Eleve'),(593,'202cb962ac59075b964b07152d234b70','OOILLERD-MICHILIT','Marie','0546eleve@mail.com',1,0,NULL,'6 D',4,'Eleve'),(594,'202cb962ac59075b964b07152d234b70','OOQOIIR','Marielle','0547eleve@mail.com',1,0,NULL,'5 F',4,'Eleve'),(595,'202cb962ac59075b964b07152d234b70','OORICK','Marie-Lou','0548eleve@mail.com',1,0,NULL,'4 E',4,'Eleve'),(596,'202cb962ac59075b964b07152d234b70','OORNIEO','Marina','0549eleve@mail.com',1,0,NULL,'4 G',4,'Eleve'),(597,'202cb962ac59075b964b07152d234b70','OOTIN','Marina','0550eleve@mail.com',1,0,NULL,'4 C',4,'Eleve'),(598,'202cb962ac59075b964b07152d234b70','OOZET','Marine','0551eleve@mail.com',1,0,NULL,'6 F',4,'Eleve'),(599,'202cb962ac59075b964b07152d234b70','OP','Marius','0552eleve@mail.com',1,0,NULL,'3 D',4,'Eleve'),(600,'202cb962ac59075b964b07152d234b70','ORCEDI','Marius','0553eleve@mail.com',1,0,NULL,'3 C',4,'Eleve'),(601,'202cb962ac59075b964b07152d234b70','ORDENILLE','Martin','0554eleve@mail.com',1,0,NULL,'3 D',4,'Eleve'),(602,'202cb962ac59075b964b07152d234b70','ORDON','Martin','0555eleve@mail.com',1,0,NULL,'3 D',4,'Eleve'),(603,'202cb962ac59075b964b07152d234b70','ORE','Martin','0556eleve@mail.com',1,0,NULL,'4 D',4,'Eleve'),(604,'202cb962ac59075b964b07152d234b70','OREOD','Martin','0557eleve@mail.com',1,0,NULL,'6 D',4,'Eleve'),(605,'202cb962ac59075b964b07152d234b70','ORGIET','Martin','0558eleve@mail.com',1,0,NULL,'5 L',4,'Eleve'),(606,'202cb962ac59075b964b07152d234b70','ORGNIOF','Marylou','0559eleve@mail.com',1,0,NULL,'4 C',4,'Eleve'),(607,'202cb962ac59075b964b07152d234b70','ORHIS','Mateo','0560eleve@mail.com',1,0,NULL,'3 D',4,'Eleve'),(608,'202cb962ac59075b964b07152d234b70','ORIGOI','Mateo','0561eleve@mail.com',1,0,NULL,'3 D',4,'Eleve'),(609,'202cb962ac59075b964b07152d234b70','ORIL','Matéo','0562eleve@mail.com',1,0,NULL,'6 F',4,'Eleve'),(610,'202cb962ac59075b964b07152d234b70','ORINCI','Mathéo','0563eleve@mail.com',1,0,NULL,'5 C',4,'Eleve'),(611,'202cb962ac59075b964b07152d234b70','ORIS','Mathéo','0564eleve@mail.com',1,0,NULL,'6 E',4,'Eleve'),(612,'202cb962ac59075b964b07152d234b70','ORNIEOD','Mathéo','0565eleve@mail.com',1,0,NULL,'6 E',4,'Eleve'),(613,'202cb962ac59075b964b07152d234b70','ORO','Mathias','0566eleve@mail.com',1,0,NULL,'4 E',4,'Eleve'),(614,'202cb962ac59075b964b07152d234b70','ORTILERRI','Mathieu','0567eleve@mail.com',1,0,NULL,'3 C',4,'Eleve'),(615,'202cb962ac59075b964b07152d234b70','ORY','Mathieu','0568eleve@mail.com',1,0,NULL,'6 D',4,'Eleve'),(616,'202cb962ac59075b964b07152d234b70','OSBE LICOONE','Mathieu','0569eleve@mail.com',1,0,NULL,'3G',4,'Eleve'),(617,'202cb962ac59075b964b07152d234b70','OSI','Mathieu','0570eleve@mail.com',1,0,NULL,'6 D',4,'Eleve'),(618,'202cb962ac59075b964b07152d234b70','OSIN','Mathilde','0571eleve@mail.com',1,0,NULL,'3 F',4,'Eleve'),(619,'202cb962ac59075b964b07152d234b70','OSIN','Mathilde','0572eleve@mail.com',1,0,NULL,'3G',4,'Eleve'),(620,'202cb962ac59075b964b07152d234b70','OSON','Mathis','0573eleve@mail.com',1,0,NULL,'6 D',4,'Eleve'),(621,'202cb962ac59075b964b07152d234b70','OSQOIS','Mathis','0574eleve@mail.com',1,0,NULL,'3A',4,'Eleve'),(622,'202cb962ac59075b964b07152d234b70','OSSEDI','Mathis','0575eleve@mail.com',1,0,NULL,'4 B',4,'Eleve'),(623,'202cb962ac59075b964b07152d234b70','OSSEOD','Mathys','0576eleve@mail.com',1,0,NULL,'5 F',4,'Eleve'),(624,'202cb962ac59075b964b07152d234b70','OSSIEO','Mathys','0577eleve@mail.com',1,0,NULL,'4 F',4,'Eleve'),(625,'202cb962ac59075b964b07152d234b70','OSSIEO-DI LE IGLISIE','Mathys','0578eleve@mail.com',1,0,NULL,'3 E',4,'Eleve'),(626,'202cb962ac59075b964b07152d234b70','OSSII','Matteo','0579eleve@mail.com',1,0,NULL,'4 L',4,'Eleve'),(627,'202cb962ac59075b964b07152d234b70','OSSILIN-CHEOVI','Matteo','0580eleve@mail.com',1,0,NULL,'6 L',4,'Eleve'),(628,'202cb962ac59075b964b07152d234b70','OTCERINE','Matthieu','0581eleve@mail.com',1,0,NULL,'4 D',4,'Eleve'),(629,'202cb962ac59075b964b07152d234b70','OTCERINE','Matthieu','0582eleve@mail.com',1,0,NULL,'6 D',4,'Eleve'),(630,'202cb962ac59075b964b07152d234b70','OTENT','Matthieu','0583eleve@mail.com',1,0,NULL,'5 E',4,'Eleve'),(631,'202cb962ac59075b964b07152d234b70','OTIEOX','Matthieu','0584eleve@mail.com',1,0,NULL,'5 D',4,'Eleve'),(632,'202cb962ac59075b964b07152d234b70','OTRIL','Mattis','0585eleve@mail.com',1,0,NULL,'3G',4,'Eleve'),(633,'202cb962ac59075b964b07152d234b70','OX','Maude','0586eleve@mail.com',1,0,NULL,'3 C',4,'Eleve'),(634,'202cb962ac59075b964b07152d234b70','OX','Maurice','0587eleve@mail.com',1,0,NULL,'6 C',4,'Eleve'),(635,'202cb962ac59075b964b07152d234b70','OX','Max','0588eleve@mail.com',1,0,NULL,'6 C',4,'Eleve'),(636,'202cb962ac59075b964b07152d234b70','OX','Maxence','0589eleve@mail.com',1,0,NULL,'4 E',4,'Eleve'),(637,'202cb962ac59075b964b07152d234b70','OX','Maxence','0590eleve@mail.com',1,0,NULL,'5 B',4,'Eleve'),(638,'202cb962ac59075b964b07152d234b70','OYIR','Maxime','0591eleve@mail.com',1,0,NULL,'3G',4,'Eleve'),(639,'202cb962ac59075b964b07152d234b70','OZETS','Maxime','0592eleve@mail.com',1,0,NULL,'3G',4,'Eleve'),(640,'202cb962ac59075b964b07152d234b70','OZIT','Maxime','0593eleve@mail.com',1,0,NULL,'3A',4,'Eleve'),(641,'202cb962ac59075b964b07152d234b70','OZTIGOI','Maxime','0594eleve@mail.com',1,0,NULL,'3 E',4,'Eleve'),(642,'202cb962ac59075b964b07152d234b70','PEDETO','Maxime','0595eleve@mail.com',1,0,NULL,'5 D',4,'Eleve'),(643,'202cb962ac59075b964b07152d234b70','PIES','Maxine','0596eleve@mail.com',1,0,NULL,'4 F',4,'Eleve'),(644,'202cb962ac59075b964b07152d234b70','PIES','May-Line','0597eleve@mail.com',1,0,NULL,'4 D',4,'Eleve'),(645,'202cb962ac59075b964b07152d234b70','PIN','Médina','0598eleve@mail.com',1,0,NULL,'4 F',4,'Eleve'),(646,'202cb962ac59075b964b07152d234b70','PIRT','Mehdi','0599eleve@mail.com',1,0,NULL,'6 D',4,'Eleve'),(647,'202cb962ac59075b964b07152d234b70','PIS','Mélissa','0600eleve@mail.com',1,0,NULL,'6 E',4,'Eleve'),(648,'202cb962ac59075b964b07152d234b70','PIS','Michel','0601eleve@mail.com',1,0,NULL,'6 F',4,'Eleve'),(649,'202cb962ac59075b964b07152d234b70','PITEL','Miguel','0602eleve@mail.com',1,0,NULL,'4 B',4,'Eleve'),(650,'202cb962ac59075b964b07152d234b70','PLET','Mikel','0603eleve@mail.com',1,0,NULL,'4 G',4,'Eleve'),(651,'202cb962ac59075b964b07152d234b70','PLI','Mikel','0604eleve@mail.com',1,0,NULL,'6 D',4,'Eleve'),(652,'202cb962ac59075b964b07152d234b70','POIS','Mila','0605eleve@mail.com',1,0,NULL,'6 D',4,'Eleve'),(653,'202cb962ac59075b964b07152d234b70','PONT-CHINI','Milène','0606eleve@mail.com',1,0,NULL,'4 G',4,'Eleve'),(654,'202cb962ac59075b964b07152d234b70','POORTIR','Minna','0607eleve@mail.com',1,0,NULL,'6 D',4,'Eleve'),(655,'202cb962ac59075b964b07152d234b70','POOY','Moncéf','0608eleve@mail.com',1,0,NULL,'6 D',4,'Eleve'),(656,'202cb962ac59075b964b07152d234b70','PPIRON','Morgan','0609eleve@mail.com',1,0,NULL,'4 G',4,'Eleve'),(657,'202cb962ac59075b964b07152d234b70','R','Morgane','0610eleve@mail.com',1,0,NULL,'4 B',4,'Eleve'),(658,'202cb962ac59075b964b07152d234b70','R','Morgane','0611eleve@mail.com',1,0,NULL,'6 C',4,'Eleve'),(659,'202cb962ac59075b964b07152d234b70','RBI','Morgane','0612eleve@mail.com',1,0,NULL,'3G',4,'Eleve'),(660,'202cb962ac59075b964b07152d234b70','RBIEOX','Morgane','0613eleve@mail.com',1,0,NULL,'5 E',4,'Eleve'),(661,'202cb962ac59075b964b07152d234b70','RBIIR','Morgane','0614eleve@mail.com',1,0,NULL,'5 F',4,'Eleve'),(662,'202cb962ac59075b964b07152d234b70','RBIN','Morgane','0615eleve@mail.com',1,0,NULL,'3A',4,'Eleve'),(663,'202cb962ac59075b964b07152d234b70','RBIN','Naela','0616eleve@mail.com',1,0,NULL,'6 F',4,'Eleve'),(664,'202cb962ac59075b964b07152d234b70','RBLEDI','Nahia','0617eleve@mail.com',1,0,NULL,'3 B',4,'Eleve'),(665,'202cb962ac59075b964b07152d234b70','RBONNIT','Nahia','0618eleve@mail.com',1,0,NULL,'5 E',4,'Eleve'),(666,'202cb962ac59075b964b07152d234b70','RBOSE PIRIIRE','Nahuel','0619eleve@mail.com',1,0,NULL,'5 L',4,'Eleve'),(667,'202cb962ac59075b964b07152d234b70','RBREOD','Naia','0620eleve@mail.com',1,0,NULL,'4 G',4,'Eleve'),(668,'202cb962ac59075b964b07152d234b70','RCHI DI KIYSIR','Naïa','0621eleve@mail.com',1,0,NULL,'6 F',4,'Eleve'),(669,'202cb962ac59075b964b07152d234b70','RCHIONI','Naïa','0622eleve@mail.com',1,0,NULL,'4 C',4,'Eleve'),(670,'202cb962ac59075b964b07152d234b70','RCHON','Naïs','0623eleve@mail.com',1,0,NULL,'6 C',4,'Eleve'),(671,'202cb962ac59075b964b07152d234b70','RCIE','Naomi','0624eleve@mail.com',1,0,NULL,'5 B',4,'Eleve'),(672,'202cb962ac59075b964b07152d234b70','RCIE','Naomi','0625eleve@mail.com',1,0,NULL,'3 L',4,'Eleve'),(673,'202cb962ac59075b964b07152d234b70','RCIIR','Nathan','0626eleve@mail.com',1,0,NULL,'5 G',4,'Eleve'),(674,'202cb962ac59075b964b07152d234b70','RCIL','Nawel','0627eleve@mail.com',1,0,NULL,'6 D',4,'Eleve'),(675,'202cb962ac59075b964b07152d234b70','RCIRE','Neigeline','0628eleve@mail.com',1,0,NULL,'3A',4,'Eleve'),(676,'202cb962ac59075b964b07152d234b70','RCOLLIT','Neji','0629eleve@mail.com',1,0,NULL,'5 L',4,'Eleve'),(677,'202cb962ac59075b964b07152d234b70','RCOLLIT','Névèn','0630eleve@mail.com',1,0,NULL,'6 F',4,'Eleve'),(678,'202cb962ac59075b964b07152d234b70','RDECHER','Nicolas','0631eleve@mail.com',1,0,NULL,'3 C',4,'Eleve'),(679,'202cb962ac59075b964b07152d234b70','RDELLI GELLIENO','Nicolas','0632eleve@mail.com',1,0,NULL,'3 C',4,'Eleve'),(680,'202cb962ac59075b964b07152d234b70','RDEN','Nicolas','0633eleve@mail.com',1,0,NULL,'4 E',4,'Eleve'),(681,'202cb962ac59075b964b07152d234b70','RDETO','Nikolas','0634eleve@mail.com',1,0,NULL,'4 D',4,'Eleve'),(682,'202cb962ac59075b964b07152d234b70','RDIN','Nils','0635eleve@mail.com',1,0,NULL,'6 E',4,'Eleve'),(683,'202cb962ac59075b964b07152d234b70','RDIVET','Nina','0636eleve@mail.com',1,0,NULL,'6 D',4,'Eleve'),(684,'202cb962ac59075b964b07152d234b70','RDOBE','Nino','0637eleve@mail.com',1,0,NULL,'3 D',4,'Eleve'),(685,'202cb962ac59075b964b07152d234b70','RECOTCHI','Nino','0638eleve@mail.com',1,0,NULL,'5 E',4,'Eleve'),(686,'202cb962ac59075b964b07152d234b70','REL','Noa','0639eleve@mail.com',1,0,NULL,'6 L',4,'Eleve'),(687,'202cb962ac59075b964b07152d234b70','REMBOORI','Noa','0640eleve@mail.com',1,0,NULL,'5 C',4,'Eleve'),(688,'202cb962ac59075b964b07152d234b70','REMIL','Noa','0641eleve@mail.com',1,0,NULL,'3 D',4,'Eleve'),(689,'202cb962ac59075b964b07152d234b70','REN','Noah','0642eleve@mail.com',1,0,NULL,'3 E',4,'Eleve'),(690,'202cb962ac59075b964b07152d234b70','REO','Noelly','0643eleve@mail.com',1,0,NULL,'6 D',4,'Eleve'),(691,'202cb962ac59075b964b07152d234b70','REOD','Noemie','0644eleve@mail.com',1,0,NULL,'3G',4,'Eleve'),(692,'202cb962ac59075b964b07152d234b70','RETIGOI','Noémie','0645eleve@mail.com',1,0,NULL,'5 D',4,'Eleve'),(693,'202cb962ac59075b964b07152d234b70','RGIT','Nolwenn','0646eleve@mail.com',1,0,NULL,'6 D',4,'Eleve'),(694,'202cb962ac59075b964b07152d234b70','RGOIRITTI','Norah','0647eleve@mail.com',1,0,NULL,'3 D',4,'Eleve'),(695,'202cb962ac59075b964b07152d234b70','RGOIS','Noriane','0648eleve@mail.com',1,0,NULL,'3G',4,'Eleve'),(696,'202cb962ac59075b964b07152d234b70','RGOS CISPIDIS','Océane','0649eleve@mail.com',1,0,NULL,'3 C',4,'Eleve'),(697,'202cb962ac59075b964b07152d234b70','RGOY','Ohiana','0650eleve@mail.com',1,0,NULL,'4 G',4,'Eleve'),(698,'202cb962ac59075b964b07152d234b70','RHO','Oihan','0651eleve@mail.com',1,0,NULL,'4 G',4,'Eleve'),(699,'202cb962ac59075b964b07152d234b70','RI','Oihan','0652eleve@mail.com',1,0,NULL,'4 C',4,'Eleve'),(700,'202cb962ac59075b964b07152d234b70','RI','Oihan','0653eleve@mail.com',1,0,NULL,'6 D',4,'Eleve'),(701,'202cb962ac59075b964b07152d234b70','RIBERNI','Oihan','0654eleve@mail.com',1,0,NULL,'3 C',4,'Eleve'),(702,'202cb962ac59075b964b07152d234b70','RIERT','Oihan','0655eleve@mail.com',1,0,NULL,'6 C',4,'Eleve'),(703,'202cb962ac59075b964b07152d234b70','RIERT DORROTHY','Oihan','0656eleve@mail.com',1,0,NULL,'3 D',4,'Eleve'),(704,'202cb962ac59075b964b07152d234b70','RIGON','Oihana','0657eleve@mail.com',1,0,NULL,'6 D',4,'Eleve'),(705,'202cb962ac59075b964b07152d234b70','RIGOYIN','Oihana','0658eleve@mail.com',1,0,NULL,'6 D',4,'Eleve'),(706,'202cb962ac59075b964b07152d234b70','RIGOYIN','Oihana','0659eleve@mail.com',1,0,NULL,'3 D',4,'Eleve'),(707,'202cb962ac59075b964b07152d234b70','RIILLI','Oihana','0660eleve@mail.com',1,0,NULL,'4 E',4,'Eleve'),(708,'202cb962ac59075b964b07152d234b70','RI-LEGERISTI','Olivia','0661eleve@mail.com',1,0,NULL,'4 F',4,'Eleve'),(709,'202cb962ac59075b964b07152d234b70','RIM I SOOSE','Olivier','0662eleve@mail.com',1,0,NULL,'5 F',4,'Eleve'),(710,'202cb962ac59075b964b07152d234b70','RIM I SOOSE','Oscar','0663eleve@mail.com',1,0,NULL,'6 F',4,'Eleve'),(711,'202cb962ac59075b964b07152d234b70','RIN','Oscar','0664eleve@mail.com',1,0,NULL,'3 F',4,'Eleve'),(712,'202cb962ac59075b964b07152d234b70','RINGIR','Oscar','0665eleve@mail.com',1,0,NULL,'5 C',4,'Eleve'),(713,'202cb962ac59075b964b07152d234b70','RINIT-RODRIGOIZ','Othmane','0666eleve@mail.com',1,0,NULL,'5 F',4,'Eleve'),(714,'202cb962ac59075b964b07152d234b70','RINIT-RODRIGOIZ','Pablo','0667eleve@mail.com',1,0,NULL,'4 D',4,'Eleve'),(715,'202cb962ac59075b964b07152d234b70','RINO','Pablo','0668eleve@mail.com',1,0,NULL,'3 C',4,'Eleve'),(716,'202cb962ac59075b964b07152d234b70','RISSIIR','Paco','0669eleve@mail.com',1,0,NULL,'5 D',4,'Eleve'),(717,'202cb962ac59075b964b07152d234b70','RISSON','Paloma','0670eleve@mail.com',1,0,NULL,'3 E',4,'Eleve'),(718,'202cb962ac59075b964b07152d234b70','RISSON','Pantxika','0671eleve@mail.com',1,0,NULL,'3A',4,'Eleve'),(719,'202cb962ac59075b964b07152d234b70','RITTI','Paola','0672eleve@mail.com',1,0,NULL,'6 D',4,'Eleve'),(720,'202cb962ac59075b964b07152d234b70','RIZ','Pascal','0673eleve@mail.com',1,0,NULL,'3 D',4,'Eleve'),(721,'202cb962ac59075b964b07152d234b70','RLIN-SEKEMOTO','Patxi','0674eleve@mail.com',1,0,NULL,'4 E',4,'Eleve'),(722,'202cb962ac59075b964b07152d234b70','RMENO','Patxi','0675eleve@mail.com',1,0,NULL,'5 G',4,'Eleve'),(723,'202cb962ac59075b964b07152d234b70','RNERD','Patxi','0676eleve@mail.com',1,0,NULL,'6 B',4,'Eleve'),(724,'202cb962ac59075b964b07152d234b70','RNICKIR','Paul','0677eleve@mail.com',1,0,NULL,'4 F',4,'Eleve'),(725,'202cb962ac59075b964b07152d234b70','RNII','Paul','0678eleve@mail.com',1,0,NULL,'3 C',4,'Eleve'),(726,'202cb962ac59075b964b07152d234b70','RONNY','Paul','0679eleve@mail.com',1,0,NULL,'3G',4,'Eleve'),(727,'202cb962ac59075b964b07152d234b70','ROO','Paul','0680eleve@mail.com',1,0,NULL,'6 F',4,'Eleve'),(728,'202cb962ac59075b964b07152d234b70','ROOX','Paul','0681eleve@mail.com',1,0,NULL,'6 D',4,'Eleve'),(729,'202cb962ac59075b964b07152d234b70','ROSINSKI-CESTY','Paul','0682eleve@mail.com',1,0,NULL,'4 D',4,'Eleve'),(730,'202cb962ac59075b964b07152d234b70','ROSSEGEREY','Paul','0683eleve@mail.com',1,0,NULL,'6 D',4,'Eleve'),(731,'202cb962ac59075b964b07152d234b70','ROT','Pauline','0684eleve@mail.com',1,0,NULL,'4 C',4,'Eleve'),(732,'202cb962ac59075b964b07152d234b70','ROTCERINI','Pauline','0685eleve@mail.com',1,0,NULL,'6 D',4,'Eleve'),(733,'202cb962ac59075b964b07152d234b70','ROTCHIT','Pédro','0686eleve@mail.com',1,0,NULL,'4 G',4,'Eleve'),(734,'202cb962ac59075b964b07152d234b70','ROTCHIT','Peio','0687eleve@mail.com',1,0,NULL,'6 D',4,'Eleve'),(735,'202cb962ac59075b964b07152d234b70','ROTIE','Peio','0688eleve@mail.com',1,0,NULL,'4 F',4,'Eleve'),(736,'202cb962ac59075b964b07152d234b70','ROTIE','Pierre','0689eleve@mail.com',1,0,NULL,'4 F',4,'Eleve'),(737,'202cb962ac59075b964b07152d234b70','ROTIE','Pierre Antoine','0690eleve@mail.com',1,0,NULL,'3 B',4,'Eleve'),(738,'202cb962ac59075b964b07152d234b70','RR','Pierre-Esteban','0691eleve@mail.com',1,0,NULL,'6 D',4,'Eleve'),(739,'202cb962ac59075b964b07152d234b70','RRECCI','Quentin','0692eleve@mail.com',1,0,NULL,'6 F',4,'Eleve'),(740,'202cb962ac59075b964b07152d234b70','RREILH','Quentin','0693eleve@mail.com',1,0,NULL,'4 L',4,'Eleve'),(741,'202cb962ac59075b964b07152d234b70','RREMINDY','Quentin','0694eleve@mail.com',1,0,NULL,'5 F',4,'Eleve'),(742,'202cb962ac59075b964b07152d234b70','RRIBIY - POOJOL','Rafaël','0695eleve@mail.com',1,0,NULL,'3 F',4,'Eleve'),(743,'202cb962ac59075b964b07152d234b70','RRIC','Ramuntxo','0696eleve@mail.com',1,0,NULL,'3A',4,'Eleve'),(744,'202cb962ac59075b964b07152d234b70','RRIGOIS','Raphaël','0697eleve@mail.com',1,0,NULL,'4 F',4,'Eleve'),(745,'202cb962ac59075b964b07152d234b70','RRIIO','Raphaël','0698eleve@mail.com',1,0,NULL,'3 E',4,'Eleve'),(746,'202cb962ac59075b964b07152d234b70','RRIIOX JOSON','Rayan','0699eleve@mail.com',1,0,NULL,'3 L',4,'Eleve'),(747,'202cb962ac59075b964b07152d234b70','RRINILLO','Rayhan','0700eleve@mail.com',1,0,NULL,'5 L',4,'Eleve'),(748,'202cb962ac59075b964b07152d234b70','RRIRO CHECON','Rebecca','0701eleve@mail.com',1,0,NULL,'5 C',4,'Eleve'),(749,'202cb962ac59075b964b07152d234b70','RRIS','Remy','0702eleve@mail.com',1,0,NULL,'4 F',4,'Eleve'),(750,'202cb962ac59075b964b07152d234b70','RRIS','Remy','0703eleve@mail.com',1,0,NULL,'5 E',4,'Eleve'),(751,'202cb962ac59075b964b07152d234b70','RRITCHON','René-Lucas','0704eleve@mail.com',1,0,NULL,'6 D',4,'Eleve'),(752,'202cb962ac59075b964b07152d234b70','RRIY','Ricardo','0705eleve@mail.com',1,0,NULL,'3 E',4,'Eleve'),(753,'202cb962ac59075b964b07152d234b70','RROE','Robin','0706eleve@mail.com',1,0,NULL,'6 C',4,'Eleve'),(754,'202cb962ac59075b964b07152d234b70','RROE','Robin','0707eleve@mail.com',1,0,NULL,'6 D',4,'Eleve'),(755,'202cb962ac59075b964b07152d234b70','RROOIT','Romain','0708eleve@mail.com',1,0,NULL,'6 D',4,'Eleve'),(756,'202cb962ac59075b964b07152d234b70','RSENS','Romain','0709eleve@mail.com',1,0,NULL,'6 F',4,'Eleve'),(757,'202cb962ac59075b964b07152d234b70','RTHEBORO-CENIROT','Romain','0710eleve@mail.com',1,0,NULL,'4 E',4,'Eleve'),(758,'202cb962ac59075b964b07152d234b70','RTHILIMY','Romain','0711eleve@mail.com',1,0,NULL,'5 E',4,'Eleve'),(759,'202cb962ac59075b964b07152d234b70','RTHILOT','Romain','0712eleve@mail.com',1,0,NULL,'3A',4,'Eleve'),(760,'202cb962ac59075b964b07152d234b70','RTHILOT','Romain','0713eleve@mail.com',1,0,NULL,'6 B',4,'Eleve'),(761,'202cb962ac59075b964b07152d234b70','RTI','Romane','0714eleve@mail.com',1,0,NULL,'5 F',4,'Eleve'),(762,'202cb962ac59075b964b07152d234b70','RTI','Romane','0715eleve@mail.com',1,0,NULL,'5 B',4,'Eleve'),(763,'202cb962ac59075b964b07152d234b70','RTIEL','Romeo','0716eleve@mail.com',1,0,NULL,'5 C',4,'Eleve'),(764,'202cb962ac59075b964b07152d234b70','RTIEO','Roméo','0717eleve@mail.com',1,0,NULL,'3 E',4,'Eleve'),(765,'202cb962ac59075b964b07152d234b70','RTIGEO','Romuald','0718eleve@mail.com',1,0,NULL,'3G',4,'Eleve'),(766,'202cb962ac59075b964b07152d234b70','RTIGOI','Ruben','0719eleve@mail.com',1,0,NULL,'6 F',4,'Eleve'),(767,'202cb962ac59075b964b07152d234b70','RTIL','Ruben','0720eleve@mail.com',1,0,NULL,'5 B',4,'Eleve'),(768,'202cb962ac59075b964b07152d234b70','RTILLIT','Rubine','0721eleve@mail.com',1,0,NULL,'6 B',4,'Eleve'),(769,'202cb962ac59075b964b07152d234b70','RTIN','Sabrina','0722eleve@mail.com',1,0,NULL,'6 L',4,'Eleve'),(770,'202cb962ac59075b964b07152d234b70','RTINIZ','Sacha','0723eleve@mail.com',1,0,NULL,'5 L',4,'Eleve'),(771,'202cb962ac59075b964b07152d234b70','RTONI CORROY','Sacha','0724eleve@mail.com',1,0,NULL,'4 E',4,'Eleve'),(772,'202cb962ac59075b964b07152d234b70','RVERIC','Sacha','0725eleve@mail.com',1,0,NULL,'6 D',4,'Eleve'),(773,'202cb962ac59075b964b07152d234b70','RVOOT','Salim','0726eleve@mail.com',1,0,NULL,'6 D',4,'Eleve'),(774,'202cb962ac59075b964b07152d234b70','RZOOK','Salomé','0727eleve@mail.com',1,0,NULL,'5 D',4,'Eleve'),(775,'202cb962ac59075b964b07152d234b70','S','Samuel','0728eleve@mail.com',1,0,NULL,'3G',4,'Eleve'),(776,'202cb962ac59075b964b07152d234b70','S','Samuel','0729eleve@mail.com',1,0,NULL,'6 C',4,'Eleve'),(777,'202cb962ac59075b964b07152d234b70','S SENTOS PEOLINO','Sarah','0730eleve@mail.com',1,0,NULL,'5 F',4,'Eleve'),(778,'202cb962ac59075b964b07152d234b70','SCOOEO','Sarah','0731eleve@mail.com',1,0,NULL,'6 E',4,'Eleve'),(779,'202cb962ac59075b964b07152d234b70','SCOOTI','Sarah','0732eleve@mail.com',1,0,NULL,'6 L',4,'Eleve'),(780,'202cb962ac59075b964b07152d234b70','SCOSSI','Sara-Lou','0733eleve@mail.com',1,0,NULL,'6 E',4,'Eleve'),(781,'202cb962ac59075b964b07152d234b70','SE','Savannah','0734eleve@mail.com',1,0,NULL,'3A',4,'Eleve'),(782,'202cb962ac59075b964b07152d234b70','SEE','Selene','0735eleve@mail.com',1,0,NULL,'3 F',4,'Eleve'),(783,'202cb962ac59075b964b07152d234b70','SEEDI','Selma','0736eleve@mail.com',1,0,NULL,'4 D',4,'Eleve'),(784,'202cb962ac59075b964b07152d234b70','SELIS','Séphir','0737eleve@mail.com',1,0,NULL,'5 L',4,'Eleve'),(785,'202cb962ac59075b964b07152d234b70','SELIS','Serigne','0738eleve@mail.com',1,0,NULL,'3 F',4,'Eleve'),(786,'202cb962ac59075b964b07152d234b70','SGA','Shaïlie','0739eleve@mail.com',1,0,NULL,'6 D',4,'Eleve'),(787,'202cb962ac59075b964b07152d234b70','SILVE CEMPOS','Shaima','0740eleve@mail.com',1,0,NULL,'3 B',4,'Eleve'),(788,'202cb962ac59075b964b07152d234b70','SJERDINS','Shaina','0741eleve@mail.com',1,0,NULL,'5 C',4,'Eleve'),(789,'202cb962ac59075b964b07152d234b70','SKEYIV','Shaïna','0742eleve@mail.com',1,0,NULL,'3 C',4,'Eleve'),(790,'202cb962ac59075b964b07152d234b70','SKEYIV','Shan','0743eleve@mail.com',1,0,NULL,'5 C',4,'Eleve'),(791,'202cb962ac59075b964b07152d234b70','SON','Sibylle','0744eleve@mail.com',1,0,NULL,'5 E',4,'Eleve'),(792,'202cb962ac59075b964b07152d234b70','SPIS','Simon','0745eleve@mail.com',1,0,NULL,'5 F',4,'Eleve'),(793,'202cb962ac59075b964b07152d234b70','SPRIES','Sokhna','0746eleve@mail.com',1,0,NULL,'4 C',4,'Eleve'),(794,'202cb962ac59075b964b07152d234b70','SSEING','Solal','0747eleve@mail.com',1,0,NULL,'5 E',4,'Eleve'),(795,'202cb962ac59075b964b07152d234b70','SSEING','Solène','0748eleve@mail.com',1,0,NULL,'6 D',4,'Eleve'),(796,'202cb962ac59075b964b07152d234b70','SSEINT','Solenn','0749eleve@mail.com',1,0,NULL,'4 E',4,'Eleve'),(797,'202cb962ac59075b964b07152d234b70','SSENI-DIES','Souane','0750eleve@mail.com',1,0,NULL,'4 F',4,'Eleve'),(798,'202cb962ac59075b964b07152d234b70','SSERREGOI','Stany','0751eleve@mail.com',1,0,NULL,'5 E',4,'Eleve'),(799,'202cb962ac59075b964b07152d234b70','SSIF','Stella','0752eleve@mail.com',1,0,NULL,'5 E',4,'Eleve'),(800,'202cb962ac59075b964b07152d234b70','SSIL','Sulaymân','0753eleve@mail.com',1,0,NULL,'3G',4,'Eleve'),(801,'202cb962ac59075b964b07152d234b70','SSIL','Swann','0754eleve@mail.com',1,0,NULL,'4 B',4,'Eleve'),(802,'202cb962ac59075b964b07152d234b70','SSIN','Tahina','0755eleve@mail.com',1,0,NULL,'4 D',4,'Eleve'),(803,'202cb962ac59075b964b07152d234b70','SSINGO--HOMBIL','Taina','0756eleve@mail.com',1,0,NULL,'3A',4,'Eleve'),(804,'202cb962ac59075b964b07152d234b70','SSON','Taïs','0757eleve@mail.com',1,0,NULL,'4 L',4,'Eleve'),(805,'202cb962ac59075b964b07152d234b70','SSON-ENTEKI','Tess','0758eleve@mail.com',1,0,NULL,'5 L',4,'Eleve'),(806,'202cb962ac59075b964b07152d234b70','STE FORTONE','Théo','0759eleve@mail.com',1,0,NULL,'6 D',4,'Eleve'),(807,'202cb962ac59075b964b07152d234b70','STET PICERD','Théo','0760eleve@mail.com',1,0,NULL,'6 D',4,'Eleve'),(808,'202cb962ac59075b964b07152d234b70','STIDI','Théo','0761eleve@mail.com',1,0,NULL,'3 L',4,'Eleve'),(809,'202cb962ac59075b964b07152d234b70','STIINS','Théo','0762eleve@mail.com',1,0,NULL,'4 G',4,'Eleve'),(810,'202cb962ac59075b964b07152d234b70','STRIBETS','Thibaud','0763eleve@mail.com',1,0,NULL,'6 B',4,'Eleve'),(811,'202cb962ac59075b964b07152d234b70','STRIC','Thibault','0764eleve@mail.com',1,0,NULL,'4 E',4,'Eleve'),(812,'202cb962ac59075b964b07152d234b70','T','Thibault','0765eleve@mail.com',1,0,NULL,'6 B',4,'Eleve'),(813,'202cb962ac59075b964b07152d234b70','TE','Thibaut','0766eleve@mail.com',1,0,NULL,'3A',4,'Eleve'),(814,'202cb962ac59075b964b07152d234b70','TECHIT','Thomas','0767eleve@mail.com',1,0,NULL,'5 D',4,'Eleve'),(815,'202cb962ac59075b964b07152d234b70','TEYNOO','Thomas','0768eleve@mail.com',1,0,NULL,'6 F',4,'Eleve'),(816,'202cb962ac59075b964b07152d234b70','TFOORT','Thomas','0769eleve@mail.com',1,0,NULL,'6 L',4,'Eleve'),(817,'202cb962ac59075b964b07152d234b70','THIS','Thomas','0770eleve@mail.com',1,0,NULL,'4 F',4,'Eleve'),(818,'202cb962ac59075b964b07152d234b70','THIS','Thomas','0771eleve@mail.com',1,0,NULL,'4 E',4,'Eleve'),(819,'202cb962ac59075b964b07152d234b70','THIY','Thomas','0772eleve@mail.com',1,0,NULL,'3 C',4,'Eleve'),(820,'202cb962ac59075b964b07152d234b70','THOIT','Tiare','0773eleve@mail.com',1,0,NULL,'6 D',4,'Eleve'),(821,'202cb962ac59075b964b07152d234b70','TIILLO','Tilio','0774eleve@mail.com',1,0,NULL,'3 F',4,'Eleve'),(822,'202cb962ac59075b964b07152d234b70','TIOT','Timotéo','0775eleve@mail.com',1,0,NULL,'3 F',4,'Eleve'),(823,'202cb962ac59075b964b07152d234b70','TIT','Titouan','0776eleve@mail.com',1,0,NULL,'3 D',4,'Eleve'),(824,'202cb962ac59075b964b07152d234b70','TIZ','Tom','0777eleve@mail.com',1,0,NULL,'6 D',4,'Eleve'),(825,'202cb962ac59075b964b07152d234b70','TIZ OCEMPO','Tom','0778eleve@mail.com',1,0,NULL,'5 B',4,'Eleve'),(826,'202cb962ac59075b964b07152d234b70','TIZBIRIE','Tom','0779eleve@mail.com',1,0,NULL,'3G',4,'Eleve'),(827,'202cb962ac59075b964b07152d234b70','TOHI ENDIEZEBEL','Trystan','0780eleve@mail.com',1,0,NULL,'3 B',4,'Eleve'),(828,'202cb962ac59075b964b07152d234b70','TONIO','Turpal','0781eleve@mail.com',1,0,NULL,'5 B',4,'Eleve'),(829,'202cb962ac59075b964b07152d234b70','TOORNIS YIRME','Txomin','0782eleve@mail.com',1,0,NULL,'5 F',4,'Eleve'),(830,'202cb962ac59075b964b07152d234b70','TOT-ELBIRT','Ugo','0783eleve@mail.com',1,0,NULL,'3 F',4,'Eleve'),(831,'202cb962ac59075b964b07152d234b70','TRI','Unai','0784eleve@mail.com',1,0,NULL,'6 C',4,'Eleve'),(832,'202cb962ac59075b964b07152d234b70','TRII','Unai','0785eleve@mail.com',1,0,NULL,'5 G',4,'Eleve'),(833,'202cb962ac59075b964b07152d234b70','TRIM','Unaï','0786eleve@mail.com',1,0,NULL,'4 D',4,'Eleve'),(834,'202cb962ac59075b964b07152d234b70','TSEBY','Usho','0787eleve@mail.com',1,0,NULL,'6 D',4,'Eleve'),(835,'202cb962ac59075b964b07152d234b70','TTENIO','Valentin','0788eleve@mail.com',1,0,NULL,'6 E',4,'Eleve'),(836,'202cb962ac59075b964b07152d234b70','TXEGOI','Valentin','0789eleve@mail.com',1,0,NULL,'4 E',4,'Eleve'),(837,'202cb962ac59075b964b07152d234b70','VERRI','Victoire','0790eleve@mail.com',1,0,NULL,'3 D',4,'Eleve'),(838,'202cb962ac59075b964b07152d234b70','VIGNIEO','Victor','0791eleve@mail.com',1,0,NULL,'5 F',4,'Eleve'),(839,'202cb962ac59075b964b07152d234b70','VIIR','Victor','0792eleve@mail.com',1,0,NULL,'4 L',4,'Eleve'),(840,'202cb962ac59075b964b07152d234b70','VIIRI','Victor','0793eleve@mail.com',1,0,NULL,'5 G',4,'Eleve'),(841,'202cb962ac59075b964b07152d234b70','VILE EGOIRRI','Vincent','0794eleve@mail.com',1,0,NULL,'6 D',4,'Eleve'),(842,'202cb962ac59075b964b07152d234b70','VIL-MORTIEOX','Vincent','0795eleve@mail.com',1,0,NULL,'4 L',4,'Eleve'),(843,'202cb962ac59075b964b07152d234b70','VIN','Violette','0796eleve@mail.com',1,0,NULL,'3G',4,'Eleve'),(844,'202cb962ac59075b964b07152d234b70','VIS DI OLIVIRE','Winkler','0797eleve@mail.com',1,0,NULL,'4 E',4,'Eleve'),(845,'202cb962ac59075b964b07152d234b70','VIT','Xabi','0798eleve@mail.com',1,0,NULL,'5 E',4,'Eleve'),(846,'202cb962ac59075b964b07152d234b70','VIT','Xabi','0799eleve@mail.com',1,0,NULL,'3A',4,'Eleve'),(847,'202cb962ac59075b964b07152d234b70','VOIGNEC','Xan','0800eleve@mail.com',1,0,NULL,'6 D',4,'Eleve'),(848,'202cb962ac59075b964b07152d234b70','VY','Xan','0801eleve@mail.com',1,0,NULL,'3 F',4,'Eleve'),(849,'202cb962ac59075b964b07152d234b70','VY','Xana','0802eleve@mail.com',1,0,NULL,'5 C',4,'Eleve'),(850,'202cb962ac59075b964b07152d234b70','YI','Xani','0803eleve@mail.com',1,0,NULL,'3A',4,'Eleve'),(851,'202cb962ac59075b964b07152d234b70','YI','Xanti','0804eleve@mail.com',1,0,NULL,'6 D',4,'Eleve'),(852,'202cb962ac59075b964b07152d234b70','YIT','Xilban','0805eleve@mail.com',1,0,NULL,'6 D',4,'Eleve'),(853,'202cb962ac59075b964b07152d234b70','YLI','Yamine','0806eleve@mail.com',1,0,NULL,'6 E',4,'Eleve'),(854,'202cb962ac59075b964b07152d234b70','YLIS','Yan','0807eleve@mail.com',1,0,NULL,'4 C',4,'Eleve'),(855,'202cb962ac59075b964b07152d234b70','YOT','Yanis','0808eleve@mail.com',1,0,NULL,'4 C',4,'Eleve'),(856,'202cb962ac59075b964b07152d234b70','YOT DRON','Yannis','0809eleve@mail.com',1,0,NULL,'5 F',4,'Eleve'),(857,'202cb962ac59075b964b07152d234b70','YS','Yoann','0810eleve@mail.com',1,0,NULL,'5 D',4,'Eleve'),(858,'202cb962ac59075b964b07152d234b70','YSSIIR','Yohan','0811eleve@mail.com',1,0,NULL,'6 B',4,'Eleve'),(859,'202cb962ac59075b964b07152d234b70','YSSIT','Yon','0812eleve@mail.com',1,0,NULL,'6 E',4,'Eleve'),(860,'202cb962ac59075b964b07152d234b70','YTY','Younes','0813eleve@mail.com',1,0,NULL,'5 F',4,'Eleve'),(861,'202cb962ac59075b964b07152d234b70','ZENNI','Yuri','0814eleve@mail.com',1,0,NULL,'5 D',4,'Eleve'),(862,'202cb962ac59075b964b07152d234b70','ZINEVI','Yvan','0815eleve@mail.com',1,0,NULL,'3 F',4,'Eleve'),(863,'202cb962ac59075b964b07152d234b70','ZIOR','Zia','0816eleve@mail.com',1,0,NULL,'4 F',4,'Eleve'),(864,'202cb962ac59075b964b07152d234b70','ZMENOWSKI','Zoé','0817eleve@mail.com',1,0,NULL,'5 C',4,'Eleve'),(865,'202cb962ac59075b964b07152d234b70','ZMENOWSKI','Zoé','0818eleve@mail.com',1,0,NULL,'4 E',4,'Eleve'),(866,'202cb962ac59075b964b07152d234b70','REMIL','Noa','0819eleve@mail.com',1,0,NULL,'3 D',4,'Eleve'),(867,'202cb962ac59075b964b07152d234b70','REN','Noah','0820eleve@mail.com',1,0,NULL,'3 E',4,'Eleve'),(868,'202cb962ac59075b964b07152d234b70','REO','Noelly','0821eleve@mail.com',1,0,NULL,'6 D',4,'Eleve'),(869,'202cb962ac59075b964b07152d234b70','REOD','Noemie','0822eleve@mail.com',1,0,NULL,'3G',4,'Eleve'),(870,'202cb962ac59075b964b07152d234b70','RETIGOI','Noémie','0823eleve@mail.com',1,0,NULL,'5 D',4,'Eleve'),(871,'202cb962ac59075b964b07152d234b70','RGIT','Nolwenn','0824eleve@mail.com',1,0,NULL,'6 D',4,'Eleve'),(872,'202cb962ac59075b964b07152d234b70','RGOIRITTI','Norah','0825eleve@mail.com',1,0,NULL,'3 D',4,'Eleve'),(873,'202cb962ac59075b964b07152d234b70','RGOIS','Noriane','0826eleve@mail.com',1,0,NULL,'3G',4,'Eleve'),(874,'202cb962ac59075b964b07152d234b70','RGOS CISPIDIS','Océane','0827eleve@mail.com',1,0,NULL,'3 C',4,'Eleve'),(875,'202cb962ac59075b964b07152d234b70','RGOY','Ohiana','0828eleve@mail.com',1,0,NULL,'4 G',4,'Eleve'),(876,'202cb962ac59075b964b07152d234b70','RHO','Oihan','0829eleve@mail.com',1,0,NULL,'4 G',4,'Eleve'),(877,'202cb962ac59075b964b07152d234b70','RI','Oihan','0830eleve@mail.com',1,0,NULL,'4 C',4,'Eleve'),(878,'202cb962ac59075b964b07152d234b70','RI','Oihan','0831eleve@mail.com',1,0,NULL,'6 D',4,'Eleve'),(879,'202cb962ac59075b964b07152d234b70','RIBERNI','Oihan','0832eleve@mail.com',1,0,NULL,'3 C',4,'Eleve'),(880,'202cb962ac59075b964b07152d234b70','RIERT','Oihan','0833eleve@mail.com',1,0,NULL,'6 C',4,'Eleve'),(881,'202cb962ac59075b964b07152d234b70','RIERT DORROTHY','Oihan','0834eleve@mail.com',1,0,NULL,'3 D',4,'Eleve'),(882,'202cb962ac59075b964b07152d234b70','RIGON','Oihana','0835eleve@mail.com',1,0,NULL,'6 D',4,'Eleve'),(883,'202cb962ac59075b964b07152d234b70','RIGOYIN','Oihana','0836eleve@mail.com',1,0,NULL,'6 D',4,'Eleve'),(884,'202cb962ac59075b964b07152d234b70','RIGOYIN','Oihana','0837eleve@mail.com',1,0,NULL,'3 D',4,'Eleve'),(885,'202cb962ac59075b964b07152d234b70','RIILLI','Oihana','0838eleve@mail.com',1,0,NULL,'4 E',4,'Eleve'),(886,'202cb962ac59075b964b07152d234b70','RI-LEGERISTI','Olivia','0839eleve@mail.com',1,0,NULL,'4 F',4,'Eleve'),(887,'202cb962ac59075b964b07152d234b70','RIM I SOOSE','Olivier','0840eleve@mail.com',1,0,NULL,'5 F',4,'Eleve'),(888,'202cb962ac59075b964b07152d234b70','RIM I SOOSE','Oscar','0841eleve@mail.com',1,0,NULL,'6 F',4,'Eleve'),(889,'202cb962ac59075b964b07152d234b70','RIN','Oscar','0842eleve@mail.com',1,0,NULL,'3 F',4,'Eleve'),(890,'202cb962ac59075b964b07152d234b70','RINGIR','Oscar','0843eleve@mail.com',1,0,NULL,'5 C',4,'Eleve'),(891,'202cb962ac59075b964b07152d234b70','RINIT-RODRIGOIZ','Othmane','0844eleve@mail.com',1,0,NULL,'5 F',4,'Eleve'),(892,'202cb962ac59075b964b07152d234b70','RINIT-RODRIGOIZ','Pablo','0845eleve@mail.com',1,0,NULL,'4 D',4,'Eleve'),(893,'202cb962ac59075b964b07152d234b70','RINO','Pablo','0846eleve@mail.com',1,0,NULL,'3 C',4,'Eleve'),(894,'202cb962ac59075b964b07152d234b70','RISSIIR','Paco','0847eleve@mail.com',1,0,NULL,'5 D',4,'Eleve'),(895,'202cb962ac59075b964b07152d234b70','RISSON','Paloma','0848eleve@mail.com',1,0,NULL,'3 E',4,'Eleve'),(896,'202cb962ac59075b964b07152d234b70','RISSON','Pantxika','0849eleve@mail.com',1,0,NULL,'3A',4,'Eleve'),(897,'202cb962ac59075b964b07152d234b70','RITTI','Paola','0850eleve@mail.com',1,0,NULL,'6 D',4,'Eleve'),(898,'202cb962ac59075b964b07152d234b70','RIZ','Pascal','0851eleve@mail.com',1,0,NULL,'3 D',4,'Eleve'),(899,'202cb962ac59075b964b07152d234b70','RLIN-SEKEMOTO','Patxi','0852eleve@mail.com',1,0,NULL,'4 E',4,'Eleve'),(900,'202cb962ac59075b964b07152d234b70','RMENO','Patxi','0853eleve@mail.com',1,0,NULL,'5 G',4,'Eleve'),(901,'202cb962ac59075b964b07152d234b70','RNERD','Patxi','0854eleve@mail.com',1,0,NULL,'6 B',4,'Eleve'),(902,'202cb962ac59075b964b07152d234b70','RNICKIR','Paul','0855eleve@mail.com',1,0,NULL,'4 F',4,'Eleve'),(903,'202cb962ac59075b964b07152d234b70','RNII','Paul','0856eleve@mail.com',1,0,NULL,'3 C',4,'Eleve'),(904,'202cb962ac59075b964b07152d234b70','RONNY','Paul','0857eleve@mail.com',1,0,NULL,'3G',4,'Eleve'),(905,'202cb962ac59075b964b07152d234b70','ROO','Paul','0858eleve@mail.com',1,0,NULL,'6 F',4,'Eleve'),(906,'202cb962ac59075b964b07152d234b70','ROOX','Paul','0859eleve@mail.com',1,0,NULL,'6 D',4,'Eleve'),(907,'202cb962ac59075b964b07152d234b70','ROSINSKI-CESTY','Paul','0860eleve@mail.com',1,0,NULL,'4 D',4,'Eleve'),(908,'202cb962ac59075b964b07152d234b70','ROSSEGEREY','Paul','0861eleve@mail.com',1,0,NULL,'6 D',4,'Eleve'),(909,'202cb962ac59075b964b07152d234b70','ROT','Pauline','0862eleve@mail.com',1,0,NULL,'4 C',4,'Eleve'),(910,'202cb962ac59075b964b07152d234b70','ROTCERINI','Pauline','0863eleve@mail.com',1,0,NULL,'6 D',4,'Eleve'),(911,'202cb962ac59075b964b07152d234b70','ROTCHIT','Pédro','0864eleve@mail.com',1,0,NULL,'4 G',4,'Eleve'),(912,'202cb962ac59075b964b07152d234b70','ROTCHIT','Peio','0865eleve@mail.com',1,0,NULL,'6 D',4,'Eleve'),(913,'202cb962ac59075b964b07152d234b70','ROTIE','Peio','0866eleve@mail.com',1,0,NULL,'4 F',4,'Eleve'),(914,'202cb962ac59075b964b07152d234b70','ROTIE','Pierre','0867eleve@mail.com',1,0,NULL,'4 F',4,'Eleve'),(915,'202cb962ac59075b964b07152d234b70','ROTIE','Pierre Antoine','0868eleve@mail.com',1,0,NULL,'3 B',4,'Eleve'),(916,'202cb962ac59075b964b07152d234b70','RR','Pierre-Esteban','0869eleve@mail.com',1,0,NULL,'6 D',4,'Eleve'),(917,'202cb962ac59075b964b07152d234b70','RRECCI','Quentin','0870eleve@mail.com',1,0,NULL,'6 F',4,'Eleve'),(918,'202cb962ac59075b964b07152d234b70','RREILH','Quentin','0871eleve@mail.com',1,0,NULL,'4 L',4,'Eleve'),(919,'202cb962ac59075b964b07152d234b70','RREMINDY','Quentin','0872eleve@mail.com',1,0,NULL,'5 F',4,'Eleve'),(920,'202cb962ac59075b964b07152d234b70','RRIBIY - POOJOL','Rafaël','0873eleve@mail.com',1,0,NULL,'3 F',4,'Eleve'),(921,'202cb962ac59075b964b07152d234b70','RRIC','Ramuntxo','0874eleve@mail.com',1,0,NULL,'3A',4,'Eleve'),(922,'202cb962ac59075b964b07152d234b70','RRIGOIS','Raphaël','0875eleve@mail.com',1,0,NULL,'4 F',4,'Eleve'),(923,'202cb962ac59075b964b07152d234b70','RRIIO','Raphaël','0876eleve@mail.com',1,0,NULL,'3 E',4,'Eleve'),(924,'202cb962ac59075b964b07152d234b70','RRIIOX JOSON','Rayan','0877eleve@mail.com',1,0,NULL,'3 L',4,'Eleve'),(925,'202cb962ac59075b964b07152d234b70','RRINILLO','Rayhan','0878eleve@mail.com',1,0,NULL,'5 L',4,'Eleve'),(926,'202cb962ac59075b964b07152d234b70','RRIRO CHECON','Rebecca','0879eleve@mail.com',1,0,NULL,'5 C',4,'Eleve'),(927,'202cb962ac59075b964b07152d234b70','RRIS','Remy','0880eleve@mail.com',1,0,NULL,'4 F',4,'Eleve'),(928,'202cb962ac59075b964b07152d234b70','RRIS','Remy','0881eleve@mail.com',1,0,NULL,'5 E',4,'Eleve'),(929,'202cb962ac59075b964b07152d234b70','RRITCHON','René-Lucas','0882eleve@mail.com',1,0,NULL,'6 D',4,'Eleve'),(930,'202cb962ac59075b964b07152d234b70','RRIY','Ricardo','0883eleve@mail.com',1,0,NULL,'3 E',4,'Eleve'),(931,'202cb962ac59075b964b07152d234b70','RROE','Robin','0884eleve@mail.com',1,0,NULL,'6 D',4,'Eleve'),(932,'202cb962ac59075b964b07152d234b70','RROE','Robin','0885eleve@mail.com',1,0,NULL,'6 D',4,'Eleve'),(933,'202cb962ac59075b964b07152d234b70','RROOIT','Romain','0886eleve@mail.com',1,0,NULL,'6 D',4,'Eleve'),(934,'202cb962ac59075b964b07152d234b70','RSENS','Romain','0887eleve@mail.com',1,0,NULL,'6 F',4,'Eleve'),(935,'202cb962ac59075b964b07152d234b70','RTHEBORO-CENIROT','Romain','0888eleve@mail.com',1,0,NULL,'4 E',4,'Eleve'),(936,'202cb962ac59075b964b07152d234b70','RTHILIMY','Romain','0889eleve@mail.com',1,0,NULL,'5 E',4,'Eleve'),(937,'202cb962ac59075b964b07152d234b70','RTHILOT','Romain','0890eleve@mail.com',1,0,NULL,'3A',4,'Eleve'),(938,'202cb962ac59075b964b07152d234b70','RTHILOT','Romain','0891eleve@mail.com',1,0,NULL,'6 B',4,'Eleve'),(939,'202cb962ac59075b964b07152d234b70','RTI','Romane','0892eleve@mail.com',1,0,NULL,'5 F',4,'Eleve'),(940,'202cb962ac59075b964b07152d234b70','RTI','Romane','0893eleve@mail.com',1,0,NULL,'5 B',4,'Eleve'),(941,'202cb962ac59075b964b07152d234b70','RTIEL','Romeo','0894eleve@mail.com',1,0,NULL,'5 C',4,'Eleve'),(942,'202cb962ac59075b964b07152d234b70','RTIEO','Roméo','0895eleve@mail.com',1,0,NULL,'3 E',4,'Eleve'),(943,'202cb962ac59075b964b07152d234b70','RTIGEO','Romuald','0896eleve@mail.com',1,0,NULL,'3G',4,'Eleve'),(944,'202cb962ac59075b964b07152d234b70','RTIGOI','Ruben','0897eleve@mail.com',1,0,NULL,'6 F',4,'Eleve'),(945,'202cb962ac59075b964b07152d234b70','RTIL','Ruben','0898eleve@mail.com',1,0,NULL,'5 B',4,'Eleve'),(946,'202cb962ac59075b964b07152d234b70','RTILLIT','Rubine','0899eleve@mail.com',1,0,NULL,'6 B',4,'Eleve'),(947,'202cb962ac59075b964b07152d234b70','RTIN','Sabrina','0900eleve@mail.com',1,0,NULL,'6 L',4,'Eleve'),(948,'202cb962ac59075b964b07152d234b70','RTINIZ','Sacha','0901eleve@mail.com',1,0,NULL,'5 L',4,'Eleve'),(949,'202cb962ac59075b964b07152d234b70','RTONI CORROY','Sacha','0902eleve@mail.com',1,0,NULL,'4 E',4,'Eleve'),(950,'202cb962ac59075b964b07152d234b70','RVERIC','Sacha','0903eleve@mail.com',1,0,NULL,'6 D',4,'Eleve'),(951,'202cb962ac59075b964b07152d234b70','RVOOT','Salim','0904eleve@mail.com',1,0,NULL,'6 D',4,'Eleve'),(952,'202cb962ac59075b964b07152d234b70','RZOOK','Salomé','0905eleve@mail.com',1,0,NULL,'5 D',4,'Eleve'),(953,'202cb962ac59075b964b07152d234b70','S','Samuel','0906eleve@mail.com',1,0,NULL,'3G',4,'Eleve'),(954,'202cb962ac59075b964b07152d234b70','S','Samuel','0907eleve@mail.com',1,0,NULL,'6 C',4,'Eleve'),(955,'202cb962ac59075b964b07152d234b70','S SENTOS PEOLINO','Sarah','0908eleve@mail.com',1,0,NULL,'5 F',4,'Eleve'),(956,'202cb962ac59075b964b07152d234b70','SCOOEO','Sarah','0909eleve@mail.com',1,0,NULL,'6 E',4,'Eleve'),(957,'202cb962ac59075b964b07152d234b70','SCOOTI','Sarah','0910eleve@mail.com',1,0,NULL,'6 L',4,'Eleve'),(958,'202cb962ac59075b964b07152d234b70','SCOSSI','Sara-Lou','0911eleve@mail.com',1,0,NULL,'6 E',4,'Eleve'),(959,'202cb962ac59075b964b07152d234b70','SE','Savannah','0912eleve@mail.com',1,0,NULL,'3A',4,'Eleve'),(960,'202cb962ac59075b964b07152d234b70','SEE','Selene','0913eleve@mail.com',1,0,NULL,'3 F',4,'Eleve'),(961,'202cb962ac59075b964b07152d234b70','SEEDI','Selma','0914eleve@mail.com',1,0,NULL,'4 D',4,'Eleve'),(962,'202cb962ac59075b964b07152d234b70','SELIS','Séphir','0915eleve@mail.com',1,0,NULL,'5 L',4,'Eleve'),(963,'202cb962ac59075b964b07152d234b70','SELIS','Serigne','0916eleve@mail.com',1,0,NULL,'3 F',4,'Eleve'),(964,'202cb962ac59075b964b07152d234b70','SGA','Shaïlie','0917eleve@mail.com',1,0,NULL,'6 D',4,'Eleve'),(965,'202cb962ac59075b964b07152d234b70','SILVE CEMPOS','Shaima','0918eleve@mail.com',1,0,NULL,'3 B',4,'Eleve'),(966,'202cb962ac59075b964b07152d234b70','SJERDINS','Shaina','0919eleve@mail.com',1,0,NULL,'5 C',4,'Eleve'),(967,'202cb962ac59075b964b07152d234b70','SKEYIV','Shaïna','0920eleve@mail.com',1,0,NULL,'3 C',4,'Eleve'),(968,'202cb962ac59075b964b07152d234b70','SKEYIV','Shan','0921eleve@mail.com',1,0,NULL,'5 C',4,'Eleve'),(969,'202cb962ac59075b964b07152d234b70','SON','Sibylle','0922eleve@mail.com',1,0,NULL,'5 E',4,'Eleve'),(970,'202cb962ac59075b964b07152d234b70','SPIS','Simon','0923eleve@mail.com',1,0,NULL,'5 F',4,'Eleve'),(971,'202cb962ac59075b964b07152d234b70','SPRIES','Sokhna','0924eleve@mail.com',1,0,NULL,'4 C',4,'Eleve'),(972,'202cb962ac59075b964b07152d234b70','SSEING','Solal','0925eleve@mail.com',1,0,NULL,'5 E',4,'Eleve'),(973,'202cb962ac59075b964b07152d234b70','SSEING','Solène','0926eleve@mail.com',1,0,NULL,'6 D',4,'Eleve'),(974,'202cb962ac59075b964b07152d234b70','SSEINT','Solenn','0927eleve@mail.com',1,0,NULL,'4 E',4,'Eleve'),(975,'202cb962ac59075b964b07152d234b70','SSENI-DIES','Souane','0928eleve@mail.com',1,0,NULL,'4 F',4,'Eleve'),(976,'202cb962ac59075b964b07152d234b70','SSERREGOI','Stany','0929eleve@mail.com',1,0,NULL,'5 E',4,'Eleve'),(977,'202cb962ac59075b964b07152d234b70','SSIF','Stella','0930eleve@mail.com',1,0,NULL,'5 E',4,'Eleve'),(978,'202cb962ac59075b964b07152d234b70','SSIL','Sulaymân','0931eleve@mail.com',1,0,NULL,'3G',4,'Eleve'),(979,'202cb962ac59075b964b07152d234b70','SSIL','Swann','0932eleve@mail.com',1,0,NULL,'4 B',4,'Eleve'),(980,'202cb962ac59075b964b07152d234b70','SSIN','Tahina','0933eleve@mail.com',1,0,NULL,'4 D',4,'Eleve'),(981,'202cb962ac59075b964b07152d234b70','SSINGO--HOMBIL','Taina','0934eleve@mail.com',1,0,NULL,'3A',4,'Eleve'),(982,'202cb962ac59075b964b07152d234b70','SSON','Taïs','0935eleve@mail.com',1,0,NULL,'4 L',4,'Eleve'),(983,'202cb962ac59075b964b07152d234b70','SSON-ENTEKI','Tess','0936eleve@mail.com',1,0,NULL,'5 L',4,'Eleve'),(984,'202cb962ac59075b964b07152d234b70','STE FORTONE','Théo','0937eleve@mail.com',1,0,NULL,'6 D',4,'Eleve'),(985,'202cb962ac59075b964b07152d234b70','STET PICERD','Théo','0938eleve@mail.com',1,0,NULL,'6 D',4,'Eleve'),(986,'202cb962ac59075b964b07152d234b70','STIDI','Théo','0939eleve@mail.com',1,0,NULL,'3 L',4,'Eleve'),(987,'202cb962ac59075b964b07152d234b70','STIINS','Théo','0940eleve@mail.com',1,0,NULL,'4 G',4,'Eleve'),(988,'202cb962ac59075b964b07152d234b70','STRIBETS','Thibaud','0941eleve@mail.com',1,0,NULL,'6 B',4,'Eleve'),(989,'202cb962ac59075b964b07152d234b70','STRIC','Thibault','0942eleve@mail.com',1,0,NULL,'4 E',4,'Eleve'),(990,'202cb962ac59075b964b07152d234b70','T','Thibault','0943eleve@mail.com',1,0,NULL,'6 B',4,'Eleve'),(991,'202cb962ac59075b964b07152d234b70','TE','Thibaut','0944eleve@mail.com',1,0,NULL,'3A',4,'Eleve'),(992,'202cb962ac59075b964b07152d234b70','TECHIT','Thomas','0945eleve@mail.com',1,0,NULL,'5 D',4,'Eleve'),(993,'202cb962ac59075b964b07152d234b70','TEYNOO','Thomas','0946eleve@mail.com',1,0,NULL,'6 F',4,'Eleve'),(994,'202cb962ac59075b964b07152d234b70','TFOORT','Thomas','0947eleve@mail.com',1,0,NULL,'6 L',4,'Eleve'),(995,'202cb962ac59075b964b07152d234b70','THIS','Thomas','0948eleve@mail.com',1,0,NULL,'4 F',4,'Eleve'),(996,'202cb962ac59075b964b07152d234b70','THIS','Thomas','0949eleve@mail.com',1,0,NULL,'4 E',4,'Eleve'),(997,'202cb962ac59075b964b07152d234b70','THIY','Thomas','0950eleve@mail.com',1,0,NULL,'3 C',4,'Eleve'),(998,'202cb962ac59075b964b07152d234b70','THOIT','Tiare','0951eleve@mail.com',1,0,NULL,'6 D',4,'Eleve'),(999,'202cb962ac59075b964b07152d234b70','TIILLO','Tilio','0952eleve@mail.com',1,0,NULL,'3 F',4,'Eleve'),(1000,'202cb962ac59075b964b07152d234b70','TIOT','Timotéo','0953eleve@mail.com',1,0,NULL,'3 F',4,'Eleve'),(1001,'202cb962ac59075b964b07152d234b70','TIT','Titouan','0954eleve@mail.com',1,0,NULL,'6 D',4,'Eleve'),(1002,'202cb962ac59075b964b07152d234b70','TIZ','Tom','0955eleve@mail.com',1,0,NULL,'6 D',4,'Eleve'),(1003,'202cb962ac59075b964b07152d234b70','TIZ OCEMPO','Tom','0956eleve@mail.com',1,0,NULL,'5 B',4,'Eleve'),(1004,'202cb962ac59075b964b07152d234b70','TIZBIRIE','Tom','0957eleve@mail.com',1,0,NULL,'3G',4,'Eleve'),(1005,'202cb962ac59075b964b07152d234b70','TOHI ENDIEZEBEL','Trystan','0958eleve@mail.com',1,0,NULL,'3 B',4,'Eleve'),(1006,'202cb962ac59075b964b07152d234b70','TONIO','Turpal','0959eleve@mail.com',1,0,NULL,'5 B',4,'Eleve'),(1007,'202cb962ac59075b964b07152d234b70','TOORNIS YIRME','Txomin','0960eleve@mail.com',1,0,NULL,'5 F',4,'Eleve'),(1008,'202cb962ac59075b964b07152d234b70','TOT-ELBIRT','Ugo','0961eleve@mail.com',1,0,NULL,'3 F',4,'Eleve'),(1009,'202cb962ac59075b964b07152d234b70','TRI','Unai','0962eleve@mail.com',1,0,NULL,'6 C',4,'Eleve'),(1010,'202cb962ac59075b964b07152d234b70','TRII','Unai','0963eleve@mail.com',1,0,NULL,'5 G',4,'Eleve'),(1011,'202cb962ac59075b964b07152d234b70','TRIM','Unaï','0964eleve@mail.com',1,0,NULL,'4 D',4,'Eleve'),(1012,'202cb962ac59075b964b07152d234b70','TSEBY','Usho','0965eleve@mail.com',1,0,NULL,'6 D',4,'Eleve'),(1013,'202cb962ac59075b964b07152d234b70','TTENIO','Valentin','0966eleve@mail.com',1,0,NULL,'6 E',4,'Eleve'),(1014,'202cb962ac59075b964b07152d234b70','TXEGOI','Valentin','0967eleve@mail.com',1,0,NULL,'4 E',4,'Eleve'),(1015,'202cb962ac59075b964b07152d234b70','VERRI','Victoire','0968eleve@mail.com',1,0,NULL,'3 D',4,'Eleve'),(1016,'202cb962ac59075b964b07152d234b70','VIGNIEO','Victor','0969eleve@mail.com',1,0,NULL,'5 F',4,'Eleve'),(1017,'202cb962ac59075b964b07152d234b70','VIIR','Victor','0970eleve@mail.com',1,0,NULL,'4 L',4,'Eleve'),(1018,'202cb962ac59075b964b07152d234b70','VIIRI','Victor','0971eleve@mail.com',1,0,NULL,'5 G',4,'Eleve'),(1019,'202cb962ac59075b964b07152d234b70','VILE EGOIRRI','Vincent','0972eleve@mail.com',1,0,NULL,'6 D',4,'Eleve'),(1020,'202cb962ac59075b964b07152d234b70','VIL-MORTIEOX','Vincent','0973eleve@mail.com',1,0,NULL,'4 L',4,'Eleve'),(1021,'202cb962ac59075b964b07152d234b70','VIN','Violette','0974eleve@mail.com',1,0,NULL,'3G',4,'Eleve'),(1022,'202cb962ac59075b964b07152d234b70','VIS DI OLIVIRE','Winkler','0975eleve@mail.com',1,0,NULL,'4 E',4,'Eleve'),(1023,'202cb962ac59075b964b07152d234b70','VIT','Xabi','0976eleve@mail.com',1,0,NULL,'5 E',4,'Eleve'),(1024,'202cb962ac59075b964b07152d234b70','VIT','Xabi','0977eleve@mail.com',1,0,NULL,'3A',4,'Eleve'),(1025,'202cb962ac59075b964b07152d234b70','VOIGNEC','Xan','0978eleve@mail.com',1,0,NULL,'6 D',4,'Eleve'),(1026,'202cb962ac59075b964b07152d234b70','VY','Xan','0979eleve@mail.com',1,0,NULL,'3 F',4,'Eleve'),(1027,'202cb962ac59075b964b07152d234b70','VY','Xana','0980eleve@mail.com',1,0,NULL,'5 C',4,'Eleve'),(1028,'202cb962ac59075b964b07152d234b70','YI','Xani','0981eleve@mail.com',1,0,NULL,'3A',4,'Eleve'),(1029,'202cb962ac59075b964b07152d234b70','YI','Xanti','0982eleve@mail.com',1,0,NULL,'6 D',4,'Eleve'),(1030,'202cb962ac59075b964b07152d234b70','YIT','Xilban','0983eleve@mail.com',1,0,NULL,'6 D',4,'Eleve'),(1031,'202cb962ac59075b964b07152d234b70','YLI','Yamine','0984eleve@mail.com',1,0,NULL,'6 E',4,'Eleve'),(1032,'202cb962ac59075b964b07152d234b70','YLIS','Yan','0985eleve@mail.com',1,0,NULL,'4 C',4,'Eleve'),(1033,'202cb962ac59075b964b07152d234b70','YOT','Yanis','0986eleve@mail.com',1,0,NULL,'4 C',4,'Eleve'),(1034,'202cb962ac59075b964b07152d234b70','YOT DRON','Yannis','0987eleve@mail.com',1,0,NULL,'5 F',4,'Eleve'),(1035,'202cb962ac59075b964b07152d234b70','YS','Yoann','0988eleve@mail.com',1,0,NULL,'5 D',4,'Eleve'),(1036,'202cb962ac59075b964b07152d234b70','YSSIIR','Yohan','0989eleve@mail.com',1,0,NULL,'6 B',4,'Eleve'),(1037,'202cb962ac59075b964b07152d234b70','YSSIT','Yon','0990eleve@mail.com',1,0,NULL,'6 E',4,'Eleve'),(1038,'202cb962ac59075b964b07152d234b70','YTY','Younes','0991eleve@mail.com',1,0,NULL,'5 F',4,'Eleve'),(1039,'202cb962ac59075b964b07152d234b70','ZENNI','Yuri','0992eleve@mail.com',1,0,NULL,'5 D',4,'Eleve'),(1040,'202cb962ac59075b964b07152d234b70','ZINEVI','Yvan','0993eleve@mail.com',1,0,NULL,'3 F',4,'Eleve'),(1041,'202cb962ac59075b964b07152d234b70','ZIOR','Zia','0994eleve@mail.com',1,0,NULL,'4 F',4,'Eleve'),(1042,'202cb962ac59075b964b07152d234b70','ZMENOWSKI','Zoé','0995eleve@mail.com',1,0,NULL,'5 C',4,'Eleve'),(1043,'202cb962ac59075b964b07152d234b70','ZMENOWSKI','Zoé','0996eleve@mail.com',1,0,NULL,'4 E',4,'Eleve'),(1044,'202cb962ac59075b964b07152d234b70','REMIL','Noa','0997eleve@mail.com',1,0,NULL,'3 D',4,'Eleve'),(1045,'202cb962ac59075b964b07152d234b70','REN','Noah','0998eleve@mail.com',1,0,NULL,'3 E',4,'Eleve'),(1046,'202cb962ac59075b964b07152d234b70','REO','Noelly','0999eleve@mail.com',1,0,NULL,'6 D',4,'Eleve'),(1047,'202cb962ac59075b964b07152d234b70','REOD','Noemie','1000eleve@mail.com',1,0,NULL,'3G',4,'Eleve'),(1048,'202cb962ac59075b964b07152d234b70','RETIGOI','Noémie','1001eleve@mail.com',1,0,NULL,'5 D',4,'Eleve'),(1049,'202cb962ac59075b964b07152d234b70','RGIT','Nolwenn','1002eleve@mail.com',1,0,NULL,'6 D',4,'Eleve'),(1050,'202cb962ac59075b964b07152d234b70','RGOIRITTI','Norah','1003eleve@mail.com',1,0,NULL,'3 D',4,'Eleve'),(1051,'202cb962ac59075b964b07152d234b70','RGOIS','Noriane','1004eleve@mail.com',1,0,NULL,'3G',4,'Eleve'),(1052,'202cb962ac59075b964b07152d234b70','RGOS CISPIDIS','Océane','1005eleve@mail.com',1,0,NULL,'3 C',4,'Eleve'),(1053,'202cb962ac59075b964b07152d234b70','RGOY','Ohiana','1006eleve@mail.com',1,0,NULL,'4 G',4,'Eleve'),(1054,'202cb962ac59075b964b07152d234b70','RHO','Oihan','1007eleve@mail.com',1,0,NULL,'4 G',4,'Eleve'),(1055,'202cb962ac59075b964b07152d234b70','RI','Oihan','1008eleve@mail.com',1,0,NULL,'4 C',4,'Eleve'),(1056,'202cb962ac59075b964b07152d234b70','RI','Oihan','1009eleve@mail.com',1,0,NULL,'6 D',4,'Eleve'),(1057,'202cb962ac59075b964b07152d234b70','RIBERNI','Oihan','1010eleve@mail.com',1,0,NULL,'3 C',4,'Eleve'),(1058,'202cb962ac59075b964b07152d234b70','RIERT','Oihan','1011eleve@mail.com',1,0,NULL,'6 C',4,'Eleve'),(1059,'202cb962ac59075b964b07152d234b70','RIERT DORROTHY','Oihan','1012eleve@mail.com',1,0,NULL,'3 D',4,'Eleve'),(1060,'202cb962ac59075b964b07152d234b70','RIGON','Oihana','1013eleve@mail.com',1,0,NULL,'6 D',4,'Eleve'),(1061,'202cb962ac59075b964b07152d234b70','RIGOYIN','Oihana','1014eleve@mail.com',1,0,NULL,'6 D',4,'Eleve'),(1062,'202cb962ac59075b964b07152d234b70','RIGOYIN','Oihana','1015eleve@mail.com',1,0,NULL,'3 D',4,'Eleve'),(1063,'202cb962ac59075b964b07152d234b70','RIILLI','Oihana','1016eleve@mail.com',1,0,NULL,'4 E',4,'Eleve'),(1064,'202cb962ac59075b964b07152d234b70','RI-LEGERISTI','Olivia','1017eleve@mail.com',1,0,NULL,'4 F',4,'Eleve'),(1065,'202cb962ac59075b964b07152d234b70','RIM I SOOSE','Olivier','1018eleve@mail.com',1,0,NULL,'5 F',4,'Eleve'),(1066,'202cb962ac59075b964b07152d234b70','RIM I SOOSE','Oscar','1019eleve@mail.com',1,0,NULL,'6 F',4,'Eleve'),(1067,'202cb962ac59075b964b07152d234b70','RIN','Oscar','1020eleve@mail.com',1,0,NULL,'3 F',4,'Eleve'),(1068,'202cb962ac59075b964b07152d234b70','RINGIR','Oscar','1021eleve@mail.com',1,0,NULL,'5 C',4,'Eleve'),(1069,'202cb962ac59075b964b07152d234b70','RINIT-RODRIGOIZ','Othmane','1022eleve@mail.com',1,0,NULL,'5 F',4,'Eleve'),(1070,'202cb962ac59075b964b07152d234b70','RINIT-RODRIGOIZ','Pablo','1023eleve@mail.com',1,0,NULL,'4 D',4,'Eleve'),(1071,'202cb962ac59075b964b07152d234b70','RINO','Pablo','1024eleve@mail.com',1,0,NULL,'3 C',4,'Eleve'),(1072,'202cb962ac59075b964b07152d234b70','RISSIIR','Paco','1025eleve@mail.com',1,0,NULL,'5 D',4,'Eleve'),(1073,'202cb962ac59075b964b07152d234b70','RISSON','Paloma','1026eleve@mail.com',1,0,NULL,'3 E',4,'Eleve'),(1074,'202cb962ac59075b964b07152d234b70','RISSON','Pantxika','1027eleve@mail.com',1,0,NULL,'3A',4,'Eleve'),(1075,'202cb962ac59075b964b07152d234b70','RITTI','Paola','1028eleve@mail.com',1,0,NULL,'6 D',4,'Eleve'),(1076,'202cb962ac59075b964b07152d234b70','RIZ','Pascal','1029eleve@mail.com',1,0,NULL,'3 D',4,'Eleve'),(1077,'202cb962ac59075b964b07152d234b70','RLIN-SEKEMOTO','Patxi','1030eleve@mail.com',1,0,NULL,'4 E',4,'Eleve'),(1078,'202cb962ac59075b964b07152d234b70','RMENO','Patxi','1031eleve@mail.com',1,0,NULL,'5 G',4,'Eleve'),(1079,'202cb962ac59075b964b07152d234b70','RNERD','Patxi','1032eleve@mail.com',1,0,NULL,'6 B',4,'Eleve'),(1080,'202cb962ac59075b964b07152d234b70','RNICKIR','Paul','1033eleve@mail.com',1,0,NULL,'4 F',4,'Eleve'),(1081,'202cb962ac59075b964b07152d234b70','RNII','Paul','1034eleve@mail.com',1,0,NULL,'3 C',4,'Eleve'),(1082,'202cb962ac59075b964b07152d234b70','RONNY','Paul','1035eleve@mail.com',1,0,NULL,'3G',4,'Eleve'),(1083,'202cb962ac59075b964b07152d234b70','ROO','Paul','1036eleve@mail.com',1,0,NULL,'6 F',4,'Eleve'),(1084,'202cb962ac59075b964b07152d234b70','ROOX','Paul','1037eleve@mail.com',1,0,NULL,'6 D',4,'Eleve'),(1085,'202cb962ac59075b964b07152d234b70','ROSINSKI-CESTY','Paul','1038eleve@mail.com',1,0,NULL,'4 D',4,'Eleve'),(1086,'202cb962ac59075b964b07152d234b70','ROSSEGEREY','Paul','1039eleve@mail.com',1,0,NULL,'6 D',4,'Eleve'),(1087,'202cb962ac59075b964b07152d234b70','ROT','Pauline','1040eleve@mail.com',1,0,NULL,'4 C',4,'Eleve'),(1088,'202cb962ac59075b964b07152d234b70','ROTCERINI','Pauline','1041eleve@mail.com',1,0,NULL,'6 D',4,'Eleve'),(1089,'202cb962ac59075b964b07152d234b70','ROTCHIT','Pédro','1042eleve@mail.com',1,0,NULL,'4 G',4,'Eleve'),(1090,'202cb962ac59075b964b07152d234b70','ROTCHIT','Peio','1043eleve@mail.com',1,0,NULL,'6 D',4,'Eleve'),(1091,'202cb962ac59075b964b07152d234b70','ROTIE','Peio','1044eleve@mail.com',1,0,NULL,'4 F',4,'Eleve'),(1092,'202cb962ac59075b964b07152d234b70','ROTIE','Pierre','1045eleve@mail.com',1,0,NULL,'4 F',4,'Eleve'),(1093,'202cb962ac59075b964b07152d234b70','ROTIE','Pierre Antoine','1046eleve@mail.com',1,0,NULL,'3 B',4,'Eleve'),(1095,'202cb962ac59075b964b07152d234b70','RRECCI','Quentin','1048eleve@mail.com',1,0,NULL,'6 F',4,'Eleve'),(1096,'202cb962ac59075b964b07152d234b70','RREILH','Quentin','1049eleve@mail.com',1,0,NULL,'4 L',4,'Eleve'),(1097,'202cb962ac59075b964b07152d234b70','RREMINDY','Quentin','1050eleve@mail.com',1,0,NULL,'5 F',4,'Eleve'),(1098,'202cb962ac59075b964b07152d234b70','RRIBIY - POOJOL','Rafaël','1051eleve@mail.com',1,0,NULL,'3 F',4,'Eleve'),(1099,'202cb962ac59075b964b07152d234b70','RRIC','Ramuntxo','1052eleve@mail.com',1,0,NULL,'3A',4,'Eleve'),(1100,'202cb962ac59075b964b07152d234b70','RRIGOIS','Raphaël','1053eleve@mail.com',1,0,NULL,'4 F',4,'Eleve'),(1101,'202cb962ac59075b964b07152d234b70','RRIIO','Raphaël','1054eleve@mail.com',1,0,NULL,'3 E',4,'Eleve'),(1102,'202cb962ac59075b964b07152d234b70','RRIIOX JOSON','Rayan','1055eleve@mail.com',1,0,NULL,'3 L',4,'Eleve'),(1103,'202cb962ac59075b964b07152d234b70','RRINILLO','Rayhan','1056eleve@mail.com',1,0,NULL,'5 L',4,'Eleve'),(1104,'202cb962ac59075b964b07152d234b70','RRIRO CHECON','Rebecca','1057eleve@mail.com',1,0,NULL,'5 C',4,'Eleve'),(1105,'202cb962ac59075b964b07152d234b70','RRIS','Remy','1058eleve@mail.com',1,0,NULL,'4 F',4,'Eleve'),(1106,'202cb962ac59075b964b07152d234b70','RRIS','Remy','1059eleve@mail.com',1,0,NULL,'5 E',4,'Eleve'),(1107,'202cb962ac59075b964b07152d234b70','RRITCHON','René-Lucas','1060eleve@mail.com',1,0,NULL,'6 D',4,'Eleve'),(1108,'202cb962ac59075b964b07152d234b70','RRIY','Ricardo','1061eleve@mail.com',1,0,NULL,'3 E',4,'Eleve'),(1109,'202cb962ac59075b964b07152d234b70','RROE','Robin','1062eleve@mail.com',1,0,NULL,'6 C',4,'Eleve'),(1110,'202cb962ac59075b964b07152d234b70','RROE','Robin','1063eleve@mail.com',1,0,NULL,'6 D',4,'Eleve'),(1111,'202cb962ac59075b964b07152d234b70','RROOIT','Romain','1064eleve@mail.com',1,0,NULL,'6 D',4,'Eleve'),(1112,'202cb962ac59075b964b07152d234b70','RSENS','Romain','1065eleve@mail.com',1,0,NULL,'6 F',4,'Eleve'),(1113,'202cb962ac59075b964b07152d234b70','RTHEBORO-CENIROT','Romain','1066eleve@mail.com',1,0,NULL,'4 E',4,'Eleve'),(1114,'202cb962ac59075b964b07152d234b70','RTHILIMY','Romain','1067eleve@mail.com',1,0,NULL,'5 E',4,'Eleve'),(1115,'202cb962ac59075b964b07152d234b70','RTHILOT','Romain','1068eleve@mail.com',1,0,NULL,'3A',4,'Eleve'),(1116,'202cb962ac59075b964b07152d234b70','RTHILOT','Romain','1069eleve@mail.com',1,0,NULL,'6 B',4,'Eleve'),(1117,'202cb962ac59075b964b07152d234b70','RTI','Romane','1070eleve@mail.com',1,0,NULL,'5 F',4,'Eleve'),(1118,'202cb962ac59075b964b07152d234b70','RTI','Romane','1071eleve@mail.com',1,0,NULL,'5 B',4,'Eleve'),(1119,'202cb962ac59075b964b07152d234b70','RTIEL','Romeo','1072eleve@mail.com',1,0,NULL,'5 C',4,'Eleve'),(1120,'202cb962ac59075b964b07152d234b70','RTIEO','Roméo','1073eleve@mail.com',1,0,NULL,'3 E',4,'Eleve'),(1121,'202cb962ac59075b964b07152d234b70','RTIGEO','Romuald','1074eleve@mail.com',1,0,NULL,'3G',4,'Eleve'),(1122,'202cb962ac59075b964b07152d234b70','RTIGOI','Ruben','1075eleve@mail.com',1,0,NULL,'6 F',4,'Eleve'),(1123,'202cb962ac59075b964b07152d234b70','RTIL','Ruben','1076eleve@mail.com',1,0,NULL,'5 B',4,'Eleve'),(1124,'202cb962ac59075b964b07152d234b70','RTILLIT','Rubine','1077eleve@mail.com',1,0,NULL,'6 B',4,'Eleve'),(1125,'202cb962ac59075b964b07152d234b70','RTIN','Sabrina','1078eleve@mail.com',1,0,NULL,'6 L',4,'Eleve'),(1126,'202cb962ac59075b964b07152d234b70','RTINIZ','Sacha','1079eleve@mail.com',1,0,NULL,'5 L',4,'Eleve'),(1127,'202cb962ac59075b964b07152d234b70','RTONI CORROY','Sacha','1080eleve@mail.com',1,0,NULL,'4 E',4,'Eleve'),(1128,'202cb962ac59075b964b07152d234b70','RVERIC','Sacha','1081eleve@mail.com',1,0,NULL,'6 D',4,'Eleve'),(1129,'202cb962ac59075b964b07152d234b70','RVOOT','Salim','1082eleve@mail.com',1,0,NULL,'6 D',4,'Eleve'),(1130,'202cb962ac59075b964b07152d234b70','RZOOK','Salomé','1083eleve@mail.com',1,0,NULL,'5 D',4,'Eleve'),(1131,'202cb962ac59075b964b07152d234b70','S','Samuel','1084eleve@mail.com',1,0,NULL,'3G',4,'Eleve'),(1132,'202cb962ac59075b964b07152d234b70','S','Samuel','1085eleve@mail.com',1,0,NULL,'6 C',4,'Eleve'),(1133,'202cb962ac59075b964b07152d234b70','S SENTOS PEOLINO','Sarah','1086eleve@mail.com',1,0,NULL,'5 F',4,'Eleve'),(1134,'202cb962ac59075b964b07152d234b70','SCOOEO','Sarah','1087eleve@mail.com',1,0,NULL,'6 E',4,'Eleve'),(1135,'202cb962ac59075b964b07152d234b70','SCOOTI','Sarah','1088eleve@mail.com',1,0,NULL,'6 L',4,'Eleve'),(1136,'202cb962ac59075b964b07152d234b70','SCOSSI','Sara-Lou','1089eleve@mail.com',1,0,NULL,'6 E',4,'Eleve'),(1137,'202cb962ac59075b964b07152d234b70','SE','Savannah','1090eleve@mail.com',1,0,NULL,'3A',4,'Eleve'),(1138,'202cb962ac59075b964b07152d234b70','SEE','Selene','1091eleve@mail.com',1,0,NULL,'3 F',4,'Eleve'),(1139,'202cb962ac59075b964b07152d234b70','SEEDI','Selma','1092eleve@mail.com',1,0,NULL,'4 D',4,'Eleve'),(1140,'202cb962ac59075b964b07152d234b70','SELIS','Séphir','1093eleve@mail.com',1,0,NULL,'5 L',4,'Eleve'),(1141,'202cb962ac59075b964b07152d234b70','SELIS','Serigne','1094eleve@mail.com',1,0,NULL,'3 F',4,'Eleve'),(1142,'202cb962ac59075b964b07152d234b70','SGA','Shaïlie','1095eleve@mail.com',1,0,NULL,'6 D',4,'Eleve'),(1143,'202cb962ac59075b964b07152d234b70','SILVE CEMPOS','Shaima','1096eleve@mail.com',1,0,NULL,'3 B',4,'Eleve'),(1144,'202cb962ac59075b964b07152d234b70','SJERDINS','Shaina','1097eleve@mail.com',1,0,NULL,'5 C',4,'Eleve'),(1145,'202cb962ac59075b964b07152d234b70','SKEYIV','Shaïna','1098eleve@mail.com',1,0,NULL,'3 C',4,'Eleve'),(1146,'202cb962ac59075b964b07152d234b70','SKEYIV','Shan','1099eleve@mail.com',1,0,NULL,'5 C',4,'Eleve'),(1147,'202cb962ac59075b964b07152d234b70','SON','Sibylle','1100eleve@mail.com',1,0,NULL,'5 E',4,'Eleve'),(1148,'202cb962ac59075b964b07152d234b70','SPIS','Simon','1101eleve@mail.com',1,0,NULL,'5 F',4,'Eleve'),(1149,'202cb962ac59075b964b07152d234b70','SPRIES','Sokhna','1102eleve@mail.com',1,0,NULL,'4 C',4,'Eleve'),(1150,'202cb962ac59075b964b07152d234b70','SSEING','Solal','1103eleve@mail.com',1,0,NULL,'5 E',4,'Eleve'),(1151,'202cb962ac59075b964b07152d234b70','SSEING','Solène','1104eleve@mail.com',1,0,NULL,'6 D',4,'Eleve'),(1152,'202cb962ac59075b964b07152d234b70','SSEINT','Solenn','1105eleve@mail.com',1,0,NULL,'4 E',4,'Eleve'),(1153,'202cb962ac59075b964b07152d234b70','SSENI-DIES','Souane','1106eleve@mail.com',1,0,NULL,'4 F',4,'Eleve'),(1154,'202cb962ac59075b964b07152d234b70','SSERREGOI','Stany','1107eleve@mail.com',1,0,NULL,'5 E',4,'Eleve'),(1155,'202cb962ac59075b964b07152d234b70','SSIF','Stella','1108eleve@mail.com',1,0,NULL,'5 E',4,'Eleve'),(1156,'202cb962ac59075b964b07152d234b70','SSIL','Sulaymân','1109eleve@mail.com',1,0,NULL,'3G',4,'Eleve'),(1157,'202cb962ac59075b964b07152d234b70','SSIL','Swann','1110eleve@mail.com',1,0,NULL,'4 B',4,'Eleve'),(1158,'202cb962ac59075b964b07152d234b70','SSIN','Tahina','1111eleve@mail.com',1,0,NULL,'4 D',4,'Eleve'),(1159,'202cb962ac59075b964b07152d234b70','SSINGO--HOMBIL','Taina','1112eleve@mail.com',1,0,NULL,'3A',4,'Eleve'),(1160,'202cb962ac59075b964b07152d234b70','SSON','Taïs','1113eleve@mail.com',1,0,NULL,'4 L',4,'Eleve'),(1161,'202cb962ac59075b964b07152d234b70','SSON-ENTEKI','Tess','1114eleve@mail.com',1,0,NULL,'5 L',4,'Eleve'),(1162,'202cb962ac59075b964b07152d234b70','STE FORTONE','Théo','1115eleve@mail.com',1,0,NULL,'6 D',4,'Eleve'),(1163,'202cb962ac59075b964b07152d234b70','STET PICERD','Théo','1116eleve@mail.com',1,0,NULL,'6 D',4,'Eleve'),(1164,'202cb962ac59075b964b07152d234b70','STIDI','Théo','1117eleve@mail.com',1,0,NULL,'3 L',4,'Eleve'),(1165,'202cb962ac59075b964b07152d234b70','STIINS','Théo','1118eleve@mail.com',1,0,NULL,'4 G',4,'Eleve'),(1166,'202cb962ac59075b964b07152d234b70','STRIBETS','Thibaud','1119eleve@mail.com',1,0,NULL,'6 B',4,'Eleve'),(1167,'202cb962ac59075b964b07152d234b70','STRIC','Thibault','1120eleve@mail.com',1,0,NULL,'4 E',4,'Eleve'),(1168,'202cb962ac59075b964b07152d234b70','T','Thibault','1121eleve@mail.com',1,0,NULL,'6 B',4,'Eleve'),(1169,'202cb962ac59075b964b07152d234b70','TE','Thibaut','1122eleve@mail.com',1,0,NULL,'3A',4,'Eleve'),(1170,'202cb962ac59075b964b07152d234b70','TECHIT','Thomas','1123eleve@mail.com',1,0,NULL,'5 D',4,'Eleve'),(1171,'202cb962ac59075b964b07152d234b70','TEYNOO','Thomas','1124eleve@mail.com',1,0,NULL,'6 F',4,'Eleve'),(1172,'202cb962ac59075b964b07152d234b70','TFOORT','Thomas','1125eleve@mail.com',1,0,NULL,'6 L',4,'Eleve'),(1173,'202cb962ac59075b964b07152d234b70','THIS','Thomas','1126eleve@mail.com',1,0,NULL,'4 F',4,'Eleve'),(1174,'202cb962ac59075b964b07152d234b70','THIS','Thomas','1127eleve@mail.com',1,0,NULL,'4 E',4,'Eleve'),(1175,'202cb962ac59075b964b07152d234b70','THIY','Thomas','1128eleve@mail.com',1,0,NULL,'3 C',4,'Eleve'),(1176,'202cb962ac59075b964b07152d234b70','THOIT','Tiare','1129eleve@mail.com',1,0,NULL,'6 D',4,'Eleve'),(1177,'202cb962ac59075b964b07152d234b70','TIILLO','Tilio','1130eleve@mail.com',1,0,NULL,'3 F',4,'Eleve'),(1178,'202cb962ac59075b964b07152d234b70','TIOT','Timotéo','1131eleve@mail.com',1,0,NULL,'3 F',4,'Eleve'),(1179,'202cb962ac59075b964b07152d234b70','TIT','Titouan','1132eleve@mail.com',1,0,NULL,'3 D',4,'Eleve'),(1180,'202cb962ac59075b964b07152d234b70','TIZ','Tom','1133eleve@mail.com',1,0,NULL,'6 D',4,'Eleve'),(1181,'202cb962ac59075b964b07152d234b70','TIZ OCEMPO','Tom','1134eleve@mail.com',1,0,NULL,'5 B',4,'Eleve'),(1182,'202cb962ac59075b964b07152d234b70','TIZBIRIE','Tom','1135eleve@mail.com',1,0,NULL,'3G',4,'Eleve'),(1183,'202cb962ac59075b964b07152d234b70','TOHI ENDIEZEBEL','Trystan','1136eleve@mail.com',1,0,NULL,'3 B',4,'Eleve'),(1184,'202cb962ac59075b964b07152d234b70','TONIO','Turpal','1137eleve@mail.com',1,0,NULL,'5 B',4,'Eleve'),(1185,'202cb962ac59075b964b07152d234b70','TOORNIS YIRME','Txomin','1138eleve@mail.com',1,0,NULL,'5 F',4,'Eleve'),(1186,'202cb962ac59075b964b07152d234b70','TOT-ELBIRT','Ugo','1139eleve@mail.com',1,0,NULL,'3 F',4,'Eleve'),(1187,'202cb962ac59075b964b07152d234b70','TRI','Unai','1140eleve@mail.com',1,0,NULL,'6 C',4,'Eleve'),(1188,'202cb962ac59075b964b07152d234b70','TRII','Unai','1141eleve@mail.com',1,0,NULL,'5 G',4,'Eleve'),(1189,'202cb962ac59075b964b07152d234b70','TRIM','Unaï','1142eleve@mail.com',1,0,NULL,'4 D',4,'Eleve'),(1190,'202cb962ac59075b964b07152d234b70','TSEBY','Usho','1143eleve@mail.com',1,0,NULL,'6 D',4,'Eleve'),(1191,'202cb962ac59075b964b07152d234b70','TTENIO','Valentin','1144eleve@mail.com',1,0,NULL,'6 E',4,'Eleve'),(1192,'202cb962ac59075b964b07152d234b70','TXEGOI','Valentin','1145eleve@mail.com',1,0,NULL,'4 E',4,'Eleve'),(1193,'202cb962ac59075b964b07152d234b70','VERRI','Victoire','1146eleve@mail.com',1,0,NULL,'3 D',4,'Eleve'),(1194,'202cb962ac59075b964b07152d234b70','VIGNIEO','Victor','1147eleve@mail.com',1,0,NULL,'5 F',4,'Eleve'),(1195,'202cb962ac59075b964b07152d234b70','VIIR','Victor','1148eleve@mail.com',1,0,NULL,'4 L',4,'Eleve'),(1196,'202cb962ac59075b964b07152d234b70','VIIRI','Victor','1149eleve@mail.com',1,0,NULL,'5 G',4,'Eleve'),(1197,'202cb962ac59075b964b07152d234b70','VILE EGOIRRI','Vincent','1150eleve@mail.com',1,0,NULL,'6 D',4,'Eleve'),(1198,'202cb962ac59075b964b07152d234b70','VIL-MORTIEOX','Vincent','1151eleve@mail.com',1,0,NULL,'4 L',4,'Eleve'),(1199,'202cb962ac59075b964b07152d234b70','VIN','Violette','1152eleve@mail.com',1,0,NULL,'3G',4,'Eleve'),(1200,'202cb962ac59075b964b07152d234b70','VIS DI OLIVIRE','Winkler','1153eleve@mail.com',1,0,NULL,'4 E',4,'Eleve'),(1201,'202cb962ac59075b964b07152d234b70','VIT','Xabi','1154eleve@mail.com',1,0,NULL,'5 E',4,'Eleve'),(1202,'202cb962ac59075b964b07152d234b70','VIT','Xabi','1155eleve@mail.com',1,0,NULL,'3A',4,'Eleve'),(1203,'202cb962ac59075b964b07152d234b70','VOIGNEC','Xan','1156eleve@mail.com',1,0,NULL,'6 D',4,'Eleve'),(1204,'202cb962ac59075b964b07152d234b70','VY','Xan','1157eleve@mail.com',1,0,NULL,'3 F',4,'Eleve'),(1205,'202cb962ac59075b964b07152d234b70','VY','Xana','1158eleve@mail.com',1,0,NULL,'5 C',4,'Eleve'),(1206,'202cb962ac59075b964b07152d234b70','YI','Xani','1159eleve@mail.com',1,0,NULL,'3A',4,'Eleve'),(1207,'202cb962ac59075b964b07152d234b70','YI','Xanti','1160eleve@mail.com',1,0,NULL,'6 D',4,'Eleve'),(1208,'202cb962ac59075b964b07152d234b70','YIT','Xilban','1161eleve@mail.com',1,0,NULL,'6 D',4,'Eleve'),(1209,'202cb962ac59075b964b07152d234b70','YLI','Yamine','1162eleve@mail.com',1,0,NULL,'6 E',4,'Eleve'),(1210,'202cb962ac59075b964b07152d234b70','YLIS','Yan','1163eleve@mail.com',1,0,NULL,'4 C',4,'Eleve'),(1211,'202cb962ac59075b964b07152d234b70','YOT','Yanis','1164eleve@mail.com',1,0,NULL,'4 C',4,'Eleve'),(1212,'202cb962ac59075b964b07152d234b70','YOT DRON','Yannis','1165eleve@mail.com',1,0,NULL,'5 F',4,'Eleve'),(1213,'202cb962ac59075b964b07152d234b70','YS','Yoann','1166eleve@mail.com',1,0,NULL,'5 D',4,'Eleve'),(1214,'202cb962ac59075b964b07152d234b70','YSSIIR','Yohan','1167eleve@mail.com',1,0,NULL,'6 B',4,'Eleve'),(1215,'202cb962ac59075b964b07152d234b70','YSSIT','Yon','1168eleve@mail.com',1,0,NULL,'6 E',4,'Eleve'),(1216,'202cb962ac59075b964b07152d234b70','YTY','Younes','1169eleve@mail.com',1,0,NULL,'5 F',4,'Eleve'),(1217,'202cb962ac59075b964b07152d234b70','ZENNI','Yuri','1170eleve@mail.com',1,0,NULL,'5 D',4,'Eleve'),(1218,'202cb962ac59075b964b07152d234b70','ZINEVI','Yvan','1171eleve@mail.com',1,0,NULL,'3 F',4,'Eleve'),(1219,'202cb962ac59075b964b07152d234b70','ZIOR','Zia','1172eleve@mail.com',1,0,NULL,'4 F',4,'Eleve'),(1220,'202cb962ac59075b964b07152d234b70','ZMENOWSKI','Zoé','1173eleve@mail.com',1,0,NULL,'5 C',4,'Eleve'),(1221,'202cb962ac59075b964b07152d234b70','ZMENOWSKI','Zoé','1174eleve@mail.com',1,0,NULL,'4 E',4,'Eleve'),(1222,'061ddc4bff7eba948d47873bba678f3f','fdq','fdq','fdq',0,0,NULL,'fdq',1,'Eleve');
/*!40000 ALTER TABLE `utilisateur` ENABLE KEYS */;
UNLOCK TABLES;
/*!40103 SET TIME_ZONE=@OLD_TIME_ZONE */;

/*!40101 SET SQL_MODE=@OLD_SQL_MODE */;
/*!40014 SET FOREIGN_KEY_CHECKS=@OLD_FOREIGN_KEY_CHECKS */;
/*!40014 SET UNIQUE_CHECKS=@OLD_UNIQUE_CHECKS */;
/*!40101 SET CHARACTER_SET_CLIENT=@OLD_CHARACTER_SET_CLIENT */;
/*!40101 SET CHARACTER_SET_RESULTS=@OLD_CHARACTER_SET_RESULTS */;
/*!40101 SET COLLATION_CONNECTION=@OLD_COLLATION_CONNECTION */;
/*!40111 SET SQL_NOTES=@OLD_SQL_NOTES */;

-- Dump completed on 2018-06-13 17:39:30
